<?xml version="1.0" encoding="UTF-8" standalone="no" ?>
<Lib xmlns:xsd="http://www.w3.org/2001/XMLSchema" xmlns:xsi="http://www.w3.org/2001/XMLSchema-instance" xsi:noNamespaceSchemaLocation="olb.xsd">

  <Defn name="C:\TEMP\ATMEGA328P-PU.OLB"/>

  <DefaultValues>
    <Defn/>
    <DefaultFont>
      <Defn escapement="0" height="-9" index="0" italic="0" name="Arial" orientation="0" weight="400" width="4"/>
    </DefaultFont>
    <DefaultFont>
      <Defn escapement="0" height="-9" index="1" italic="0" name="Arial" orientation="0" weight="400" width="4"/>
    </DefaultFont>
    <DefaultFont>
      <Defn escapement="0" height="-9" index="2" italic="0" name="Arial" orientation="0" weight="400" width="4"/>
    </DefaultFont>
    <DefaultFont>
      <Defn escapement="0" height="8" index="3" italic="0" name="Arial" orientation="0" weight="400" width="0"/>
    </DefaultFont>
    <DefaultFont>
      <Defn escapement="0" height="8" index="4" italic="0" name="Arial" orientation="0" weight="400" width="0"/>
    </DefaultFont>
    <DefaultFont>
      <Defn escapement="0" height="-9" index="5" italic="0" name="Arial" orientation="0" weight="400" width="4"/>
    </DefaultFont>
    <DefaultFont>
      <Defn escapement="0" height="-9" index="6" italic="0" name="Arial" orientation="0" weight="400" width="4"/>
    </DefaultFont>
    <DefaultFont>
      <Defn escapement="0" height="-9" index="7" italic="0" name="Arial" orientation="0" weight="400" width="4"/>
    </DefaultFont>
    <DefaultFont>
      <Defn escapement="0" height="-9" index="8" italic="0" name="Arial" orientation="0" weight="400" width="4"/>
    </DefaultFont>
    <DefaultFont>
      <Defn escapement="0" height="-9" index="9" italic="0" name="Arial" orientation="0" weight="400" width="4"/>
    </DefaultFont>
    <DefaultFont>
      <Defn escapement="0" height="-9" index="10" italic="0" name="Arial" orientation="0" weight="400" width="4"/>
    </DefaultFont>
    <DefaultFont>
      <Defn escapement="0" height="-9" index="11" italic="0" name="Arial" orientation="0" weight="400" width="4"/>
    </DefaultFont>
    <DefaultFont>
      <Defn escapement="0" height="-9" index="12" italic="0" name="Arial" orientation="0" weight="400" width="4"/>
    </DefaultFont>
    <DefaultFont>
      <Defn escapement="0" height="-9" index="13" italic="0" name="Courier New" orientation="0" weight="400" width="5"/>
    </DefaultFont>
    <DefaultFont>
      <Defn escapement="0" height="-9" index="14" italic="0" name="Arial" orientation="0" weight="400" width="4"/>
    </DefaultFont>
    <DefaultFont>
      <Defn escapement="0" height="-9" index="15" italic="0" name="Arial" orientation="0" weight="400" width="4"/>
    </DefaultFont>
    <DefaultFont>
      <Defn escapement="0" height="-9" index="16" italic="0" name="Arial" orientation="0" weight="400" width="4"/>
    </DefaultFont>
    <DefaultFont>
      <Defn escapement="0" height="8" index="17" italic="0" name="Arial" orientation="0" weight="400" width="0"/>
    </DefaultFont>
    <DefaultFont>
      <Defn escapement="0" height="8" index="18" italic="0" name="Arial" orientation="0" weight="400" width="0"/>
    </DefaultFont>
    <DefaultFont>
      <Defn escapement="0" height="8" index="19" italic="0" name="Arial" orientation="0" weight="400" width="0"/>
    </DefaultFont>
    <DefaultFont>
      <Defn escapement="0" height="8" index="20" italic="0" name="Arial" orientation="0" weight="400" width="0"/>
    </DefaultFont>
    <DefaultFont>
      <Defn escapement="0" height="8" index="21" italic="0" name="Arial" orientation="0" weight="400" width="0"/>
    </DefaultFont>
    <DefaultFont>
      <Defn escapement="0" height="8" index="22" italic="0" name="Arial" orientation="0" weight="400" width="0"/>
    </DefaultFont>
    <DefaultFont>
      <Defn escapement="0" height="8" index="23" italic="0" name="Arial" orientation="0" weight="400" width="0"/>
    </DefaultFont>
    <DefaultPageRec>
      <Defn ANSIGridRefs="1" BorderDisplayed="1" BorderPrinted="1" GridRefDisplayed="1" GridRefPrinted="1" HorizontalLabelCount="5" HorizontalLabelIsAscending="0" HorizontalLabelIsChar="0" HorizontalLabelWidth="100" IsMetric="0" PinToPin="100" TitleBlockDisplayed="1" TitleBlockPrinted="1" VerticalLabelCount="4" VerticalLabelIsAscending="0" VerticalLabelIsChar="1" VerticalLabelWidth="100"/>
    </DefaultPageRec>
    <DefaultPlacedInstIsPrimitive>
      <Defn val="0"/>
    </DefaultPlacedInstIsPrimitive>
    <DefaultDrawnInstIsPrimitive>
      <Defn val="0"/>
    </DefaultDrawnInstIsPrimitive>
    <DefaultPartFieldMapping>
      <Defn index="1" val="1ST PART FIELD"/>
    </DefaultPartFieldMapping>
    <DefaultPartFieldMapping>
      <Defn index="2" val="2ND PART FIELD"/>
    </DefaultPartFieldMapping>
    <DefaultPartFieldMapping>
      <Defn index="3" val="3RD PART FIELD"/>
    </DefaultPartFieldMapping>
    <DefaultPartFieldMapping>
      <Defn index="4" val="4TH PART FIELD"/>
    </DefaultPartFieldMapping>
    <DefaultPartFieldMapping>
      <Defn index="5" val="5TH PART FIELD"/>
    </DefaultPartFieldMapping>
    <DefaultPartFieldMapping>
      <Defn index="6" val="6TH PART FIELD"/>
    </DefaultPartFieldMapping>
    <DefaultPartFieldMapping>
      <Defn index="7" val="7TH PART FIELD"/>
    </DefaultPartFieldMapping>
    <DefaultPartFieldMapping>
      <Defn index="8" val="PCB Footprint"/>
    </DefaultPartFieldMapping>
  </DefaultValues>
  <Package>
    <Defn alphabeticNumbering="2" isHomogeneous="1" name="ATMEGA328P-PU" pcbFootprint="DIP794W53P254L3467H457Q28N" pcbLib="" refdesPrefix="IC"/>
    <LibPart>
      <Defn CellName="ATMEGA328P-PU"/>
      <NormalView>
        <Defn suffix=".Normal"/>
        <SymbolDisplayProp>
          <Defn locX="265" locY="-25" name="Part Reference" rotation="0" textJustification="1"/>
          <PropFont>
            <Defn escapement="0" height="-9" italic="0" name="Arial" orientation="0" weight="400" width="4"/>
          </PropFont>
          <PropColor>
            <Defn val="48"/>
          </PropColor>
          <PropDispType>
            <Defn ValueIfValueExist="0" val="1"/>
          </PropDispType>
        </SymbolDisplayProp>
        <SymbolDisplayProp>
          <Defn locX="265" locY="-15" name="Value" rotation="0" textJustification="1"/>
          <PropFont>
            <Defn escapement="0" height="-9" italic="0" name="Arial" orientation="0" weight="400" width="4"/>
          </PropFont>
          <PropColor>
            <Defn val="48"/>
          </PropColor>
          <PropDispType>
            <Defn ValueIfValueExist="0" val="1"/>
          </PropDispType>
        </SymbolDisplayProp>
        <SymbolUserProp>
          <Defn name="Manufacturer_Name" val="Microchip"/>
        </SymbolUserProp>
        <SymbolUserProp>
          <Defn name="Manufacturer_Part_Number" val="ATMEGA328P-PU"/>
        </SymbolUserProp>
        <SymbolUserProp>
          <Defn name="Mouser Part Number" val="556-ATMEGA328P-PU"/>
        </SymbolUserProp>
        <SymbolUserProp>
          <Defn name="Mouser Price/Stock" val="https://www.mouser.co.uk/ProductDetail/Microchip-Technology-Atmel/ATMEGA328P-PU?qs=K8BHR703ZXguOQv3sKbWcg%3D%3D"/>
        </SymbolUserProp>
        <SymbolUserProp>
          <Defn name="Arrow Part Number" val="ATMEGA328P-PU"/>
        </SymbolUserProp>
        <SymbolUserProp>
          <Defn name="Arrow Price/Stock" val="https://www.arrow.com/en/products/atmega328p-pu/microchip-technology?region=nac"/>
        </SymbolUserProp>
        <SymbolUserProp>
          <Defn name="Description" val="MICROCHIP - ATMEGA328P-PU. - MICROCONTROLLER MCU, 8 BIT, ATMEGA, 20MHZ, DIP-28"/>
        </SymbolUserProp>
        <SymbolUserProp>
          <Defn name="Datasheet Link" val="https://datasheet.datasheetarchive.com/originals/distributors/Datasheets_SAMA/59a954cf62ab8fb92f29cdfb51cb433a.pdf"/>
        </SymbolUserProp>
        <SymbolUserProp>
          <Defn name="Height" val="4.572 mm"/>
        </SymbolUserProp>
        <SymbolUserProp>
          <Defn name="TJ" val="125"/>
        </SymbolUserProp>
        <SymbolUserProp>
          <Defn name="MTBF" val=""/>
        </SymbolUserProp>
        <SymbolUserProp>
          <Defn name="POWER" val=""/>
        </SymbolUserProp>
        <SymbolUserProp>
          <Defn name="SLOPE" val=""/>
        </SymbolUserProp>
        <SymbolUserProp>
          <Defn name="SUBTYPE" val="MCU THROUGH HOLE"/>
        </SymbolUserProp>
        <SymbolUserProp>
          <Defn name="PACKAGE" val="PDIP-28"/>
        </SymbolUserProp>
        <SymbolUserProp>
          <Defn name="RJA" val=""/>
        </SymbolUserProp>
        <SymbolUserProp>
          <Defn name="VCC_MAX" val="6"/>
        </SymbolUserProp>
        <SymbolUserProp>
          <Defn name="VCC_MIN" val=""/>
        </SymbolUserProp>
        <SymbolUserProp>
          <Defn name="IOUT_MAX" val=""/>
        </SymbolUserProp>
        <SymbolUserProp>
          <Defn name="IOUT_MIN" val=""/>
        </SymbolUserProp>
        <SymbolUserProp>
          <Defn name="ICC" val="200m"/>
        </SymbolUserProp>
        <SymbolUserProp>
          <Defn name="IGND" val="200m"/>
        </SymbolUserProp>
        <SymbolUserProp>
          <Defn name="RCA" val=""/>
        </SymbolUserProp>
        <SymbolUserProp>
          <Defn name="RJC" val=""/>
        </SymbolUserProp>
        <SymbolUserProp>
          <Defn name="ICCQ" val=""/>
        </SymbolUserProp>
        <SymbolUserProp>
          <Defn name="TECHNOLOGY" val="CMOS"/>
        </SymbolUserProp>
        <SymbolColor>
          <Defn val="48"/>
        </SymbolColor>
        <SymbolBBox>
          <Defn x1="0" x2="260" y1="0" y2="190"/>
        </SymbolBBox>
        <IsPinNumbersVisible>
          <Defn val="1"/>
        </IsPinNumbersVisible>
        <IsPinNamesRotated>
          <Defn val="1"/>
        </IsPinNamesRotated>
        <IsPinNamesVisible>
          <Defn val="1"/>
        </IsPinNamesVisible>
        <ContentsLibName>
          <Defn name=""/>
        </ContentsLibName>
        <ContentsViewName>
          <Defn name=""/>
        </ContentsViewName>
        <ContentsViewType>
          <Defn type="0"/>
        </ContentsViewType>
        <PartValue>
          <Defn name="ATMEGA328P-PU"/>
        </PartValue>
        <Reference>
          <Defn name="IC"/>
        </Reference>
        <Line>
          <Defn lineStyle="0" lineWidth="0" x1="0" x2="260" y1="0" y2="0"/>
        </Line>
        <Line>
          <Defn lineStyle="0" lineWidth="0" x1="260" x2="260" y1="190" y2="0"/>
        </Line>
        <Line>
          <Defn lineStyle="0" lineWidth="0" x1="260" x2="0" y1="190" y2="190"/>
        </Line>
        <Line>
          <Defn lineStyle="0" lineWidth="0" x1="0" x2="0" y1="0" y2="190"/>
        </Line>
        <SymbolPinScalar>
          <Defn hotptX="-20" hotptY="50" name="PC6_(PCINT14/R\E\S\E\T\)\" position="0" startX="0" startY="50" type="4" visible="1"/>
          <IsLong>
            <Defn val="0"/>
          </IsLong>
          <IsClock>
            <Defn val="0"/>
          </IsClock>
          <IsDot>
            <Defn val="0"/>
          </IsDot>
          <IsLeftPointing>
            <Defn val="0"/>
          </IsLeftPointing>
          <IsRightPointing>
            <Defn val="0"/>
          </IsRightPointing>
          <IsNetStyle>
            <Defn val="0"/>
          </IsNetStyle>
          <IsNoConnect>
            <Defn val="0"/>
          </IsNoConnect>
          <IsGlobal>
            <Defn val="0"/>
          </IsGlobal>
          <IsNumberVisible>
            <Defn val="1"/>
          </IsNumberVisible>
          <PinDisplayProp>
            <Defn locX="3" locY="45" name="Name" rotation="0" textJustification="1"/>
          <PropFont>
            <Defn escapement="0" height="-9" italic="0" name="Arial" orientation="0" weight="400" width="4"/>
          </PropFont>
          <PropColor>
            <Defn val="48"/>
          </PropColor>
          <PropDispType>
            <Defn ValueIfValueExist="0" val="1"/>
          </PropDispType>
          </PinDisplayProp>
          <PinUserProp>
            <Defn name="VIH" val="3.3"/>
          </PinUserProp>
          <PinUserProp>
            <Defn name="VIL" val="1.65"/>
          </PinUserProp>
          <PinUserProp>
            <Defn name="PULL_UP" val="60k"/>
          </PinUserProp>
          <PinUserProp>
            <Defn name="IOUT" val="40m"/>
          </PinUserProp>
          <PinUserProp>
            <Defn name="VMAX" val="13"/>
          </PinUserProp>
          <PinUserProp>
            <Defn name="VMIN" val="-0.5"/>
          </PinUserProp>
        </SymbolPinScalar>
        <SymbolPinScalar>
          <Defn hotptX="280" hotptY="10" name="PD0_(PCINT16/RXD)" position="1" startX="260" startY="10" type="4" visible="1"/>
          <IsLong>
            <Defn val="0"/>
          </IsLong>
          <IsClock>
            <Defn val="0"/>
          </IsClock>
          <IsDot>
            <Defn val="0"/>
          </IsDot>
          <IsLeftPointing>
            <Defn val="0"/>
          </IsLeftPointing>
          <IsRightPointing>
            <Defn val="0"/>
          </IsRightPointing>
          <IsNetStyle>
            <Defn val="0"/>
          </IsNetStyle>
          <IsNoConnect>
            <Defn val="0"/>
          </IsNoConnect>
          <IsGlobal>
            <Defn val="0"/>
          </IsGlobal>
          <IsNumberVisible>
            <Defn val="1"/>
          </IsNumberVisible>
          <PinDisplayProp>
            <Defn locX="138" locY="5" name="Name" rotation="0" textJustification="3"/>
          <PropFont>
            <Defn escapement="0" height="-9" italic="0" name="Arial" orientation="0" weight="400" width="4"/>
          </PropFont>
          <PropColor>
            <Defn val="48"/>
          </PropColor>
          <PropDispType>
            <Defn ValueIfValueExist="0" val="1"/>
          </PropDispType>
          </PinDisplayProp>
          <PinUserProp>
            <Defn name="VIH" val="3.3"/>
          </PinUserProp>
          <PinUserProp>
            <Defn name="VIL" val="1.65"/>
          </PinUserProp>
          <PinUserProp>
            <Defn name="VOH" val="4.2"/>
          </PinUserProp>
          <PinUserProp>
            <Defn name="VOL" val="0.9"/>
          </PinUserProp>
          <PinUserProp>
            <Defn name="PULL_UP" val="50k"/>
          </PinUserProp>
          <PinUserProp>
            <Defn name="IOUT" val="40m"/>
          </PinUserProp>
          <PinUserProp>
            <Defn name="VMIN" val="-0.5"/>
          </PinUserProp>
        </SymbolPinScalar>
        <SymbolPinScalar>
          <Defn hotptX="280" hotptY="20" name="PD1_(PCINT17/TXD)" position="2" startX="260" startY="20" type="4" visible="1"/>
          <IsLong>
            <Defn val="0"/>
          </IsLong>
          <IsClock>
            <Defn val="0"/>
          </IsClock>
          <IsDot>
            <Defn val="0"/>
          </IsDot>
          <IsLeftPointing>
            <Defn val="0"/>
          </IsLeftPointing>
          <IsRightPointing>
            <Defn val="0"/>
          </IsRightPointing>
          <IsNetStyle>
            <Defn val="0"/>
          </IsNetStyle>
          <IsNoConnect>
            <Defn val="0"/>
          </IsNoConnect>
          <IsGlobal>
            <Defn val="0"/>
          </IsGlobal>
          <IsNumberVisible>
            <Defn val="1"/>
          </IsNumberVisible>
          <PinDisplayProp>
            <Defn locX="138" locY="15" name="Name" rotation="0" textJustification="3"/>
          <PropFont>
            <Defn escapement="0" height="-9" italic="0" name="Arial" orientation="0" weight="400" width="4"/>
          </PropFont>
          <PropColor>
            <Defn val="48"/>
          </PropColor>
          <PropDispType>
            <Defn ValueIfValueExist="0" val="1"/>
          </PropDispType>
          </PinDisplayProp>
          <PinUserProp>
            <Defn name="VIH" val="3.3"/>
          </PinUserProp>
          <PinUserProp>
            <Defn name="VIL" val="1.65"/>
          </PinUserProp>
          <PinUserProp>
            <Defn name="VOH" val="4.2"/>
          </PinUserProp>
          <PinUserProp>
            <Defn name="VOL" val="0.9"/>
          </PinUserProp>
          <PinUserProp>
            <Defn name="PULL_UP" val="50k"/>
          </PinUserProp>
          <PinUserProp>
            <Defn name="IOUT" val="40m"/>
          </PinUserProp>
          <PinUserProp>
            <Defn name="VMIN" val="-0.5"/>
          </PinUserProp>
        </SymbolPinScalar>
        <SymbolPinScalar>
          <Defn hotptX="280" hotptY="30" name="PD2_(PCINT18/INT0)" position="3" startX="260" startY="30" type="4" visible="1"/>
          <IsLong>
            <Defn val="0"/>
          </IsLong>
          <IsClock>
            <Defn val="0"/>
          </IsClock>
          <IsDot>
            <Defn val="0"/>
          </IsDot>
          <IsLeftPointing>
            <Defn val="0"/>
          </IsLeftPointing>
          <IsRightPointing>
            <Defn val="0"/>
          </IsRightPointing>
          <IsNetStyle>
            <Defn val="0"/>
          </IsNetStyle>
          <IsNoConnect>
            <Defn val="0"/>
          </IsNoConnect>
          <IsGlobal>
            <Defn val="0"/>
          </IsGlobal>
          <IsNumberVisible>
            <Defn val="1"/>
          </IsNumberVisible>
          <PinDisplayProp>
            <Defn locX="131" locY="25" name="Name" rotation="0" textJustification="3"/>
          <PropFont>
            <Defn escapement="0" height="-9" italic="0" name="Arial" orientation="0" weight="400" width="4"/>
          </PropFont>
          <PropColor>
            <Defn val="48"/>
          </PropColor>
          <PropDispType>
            <Defn ValueIfValueExist="0" val="1"/>
          </PropDispType>
          </PinDisplayProp>
          <PinUserProp>
            <Defn name="VIH" val="3.3"/>
          </PinUserProp>
          <PinUserProp>
            <Defn name="VIL" val="1.65"/>
          </PinUserProp>
          <PinUserProp>
            <Defn name="VOH" val="4.2"/>
          </PinUserProp>
          <PinUserProp>
            <Defn name="VOL" val="0.9"/>
          </PinUserProp>
          <PinUserProp>
            <Defn name="PULL_UP" val="50k"/>
          </PinUserProp>
          <PinUserProp>
            <Defn name="IOUT" val="40m"/>
          </PinUserProp>
          <PinUserProp>
            <Defn name="VMIN" val="-0.5"/>
          </PinUserProp>
        </SymbolPinScalar>
        <SymbolPinScalar>
          <Defn hotptX="280" hotptY="40" name="PD3_(PCINT19/OC2B/INT1)" position="4" startX="260" startY="40" type="4" visible="1"/>
          <IsLong>
            <Defn val="0"/>
          </IsLong>
          <IsClock>
            <Defn val="0"/>
          </IsClock>
          <IsDot>
            <Defn val="0"/>
          </IsDot>
          <IsLeftPointing>
            <Defn val="0"/>
          </IsLeftPointing>
          <IsRightPointing>
            <Defn val="0"/>
          </IsRightPointing>
          <IsNetStyle>
            <Defn val="0"/>
          </IsNetStyle>
          <IsNoConnect>
            <Defn val="0"/>
          </IsNoConnect>
          <IsGlobal>
            <Defn val="0"/>
          </IsGlobal>
          <IsNumberVisible>
            <Defn val="1"/>
          </IsNumberVisible>
          <PinDisplayProp>
            <Defn locX="96" locY="35" name="Name" rotation="0" textJustification="3"/>
          <PropFont>
            <Defn escapement="0" height="-9" italic="0" name="Arial" orientation="0" weight="400" width="4"/>
          </PropFont>
          <PropColor>
            <Defn val="48"/>
          </PropColor>
          <PropDispType>
            <Defn ValueIfValueExist="0" val="1"/>
          </PropDispType>
          </PinDisplayProp>
          <PinUserProp>
            <Defn name="VIH" val="3.3"/>
          </PinUserProp>
          <PinUserProp>
            <Defn name="VIL" val="1.65"/>
          </PinUserProp>
          <PinUserProp>
            <Defn name="VOH" val="4.2"/>
          </PinUserProp>
          <PinUserProp>
            <Defn name="VOL" val="0.9"/>
          </PinUserProp>
          <PinUserProp>
            <Defn name="PULL_UP" val="50k"/>
          </PinUserProp>
          <PinUserProp>
            <Defn name="IOUT" val="40m"/>
          </PinUserProp>
          <PinUserProp>
            <Defn name="VMIN" val="-0.5"/>
          </PinUserProp>
        </SymbolPinScalar>
        <SymbolPinScalar>
          <Defn hotptX="280" hotptY="50" name="PD4_(PCINT20/XCK/T0)" position="5" startX="260" startY="50" type="4" visible="1"/>
          <IsLong>
            <Defn val="0"/>
          </IsLong>
          <IsClock>
            <Defn val="0"/>
          </IsClock>
          <IsDot>
            <Defn val="0"/>
          </IsDot>
          <IsLeftPointing>
            <Defn val="0"/>
          </IsLeftPointing>
          <IsRightPointing>
            <Defn val="0"/>
          </IsRightPointing>
          <IsNetStyle>
            <Defn val="0"/>
          </IsNetStyle>
          <IsNoConnect>
            <Defn val="0"/>
          </IsNoConnect>
          <IsGlobal>
            <Defn val="0"/>
          </IsGlobal>
          <IsNumberVisible>
            <Defn val="1"/>
          </IsNumberVisible>
          <PinDisplayProp>
            <Defn locX="117" locY="45" name="Name" rotation="0" textJustification="3"/>
          <PropFont>
            <Defn escapement="0" height="-9" italic="0" name="Arial" orientation="0" weight="400" width="4"/>
          </PropFont>
          <PropColor>
            <Defn val="48"/>
          </PropColor>
          <PropDispType>
            <Defn ValueIfValueExist="0" val="1"/>
          </PropDispType>
          </PinDisplayProp>
          <PinUserProp>
            <Defn name="VIH" val="3.3"/>
          </PinUserProp>
          <PinUserProp>
            <Defn name="VIL" val="1.65"/>
          </PinUserProp>
          <PinUserProp>
            <Defn name="VOH" val="4.2"/>
          </PinUserProp>
          <PinUserProp>
            <Defn name="VOL" val="0.9"/>
          </PinUserProp>
          <PinUserProp>
            <Defn name="PULL_UP" val="50k"/>
          </PinUserProp>
          <PinUserProp>
            <Defn name="IOUT" val="40m"/>
          </PinUserProp>
          <PinUserProp>
            <Defn name="VMIN" val="-0.5"/>
          </PinUserProp>
        </SymbolPinScalar>
        <SymbolPinScalar>
          <Defn hotptX="-20" hotptY="10" name="VCC" position="6" startX="0" startY="10" type="7" visible="1"/>
          <IsLong>
            <Defn val="0"/>
          </IsLong>
          <IsClock>
            <Defn val="0"/>
          </IsClock>
          <IsDot>
            <Defn val="0"/>
          </IsDot>
          <IsLeftPointing>
            <Defn val="0"/>
          </IsLeftPointing>
          <IsRightPointing>
            <Defn val="0"/>
          </IsRightPointing>
          <IsNetStyle>
            <Defn val="0"/>
          </IsNetStyle>
          <IsNoConnect>
            <Defn val="0"/>
          </IsNoConnect>
          <IsGlobal>
            <Defn val="0"/>
          </IsGlobal>
          <IsNumberVisible>
            <Defn val="1"/>
          </IsNumberVisible>
          <PinDisplayProp>
            <Defn locX="3" locY="5" name="Name" rotation="0" textJustification="1"/>
          <PropFont>
            <Defn escapement="0" height="-9" italic="0" name="Arial" orientation="0" weight="400" width="4"/>
          </PropFont>
          <PropColor>
            <Defn val="48"/>
          </PropColor>
          <PropDispType>
            <Defn ValueIfValueExist="0" val="1"/>
          </PropDispType>
          </PinDisplayProp>
        </SymbolPinScalar>
        <SymbolPinScalar>
          <Defn hotptX="-20" hotptY="140" name="GND_1" position="7" startX="0" startY="140" type="7" visible="1"/>
          <IsLong>
            <Defn val="0"/>
          </IsLong>
          <IsClock>
            <Defn val="0"/>
          </IsClock>
          <IsDot>
            <Defn val="0"/>
          </IsDot>
          <IsLeftPointing>
            <Defn val="0"/>
          </IsLeftPointing>
          <IsRightPointing>
            <Defn val="0"/>
          </IsRightPointing>
          <IsNetStyle>
            <Defn val="0"/>
          </IsNetStyle>
          <IsNoConnect>
            <Defn val="0"/>
          </IsNoConnect>
          <IsGlobal>
            <Defn val="0"/>
          </IsGlobal>
          <IsNumberVisible>
            <Defn val="1"/>
          </IsNumberVisible>
          <PinDisplayProp>
            <Defn locX="3" locY="135" name="Name" rotation="0" textJustification="1"/>
          <PropFont>
            <Defn escapement="0" height="-9" italic="0" name="Arial" orientation="0" weight="400" width="4"/>
          </PropFont>
          <PropColor>
            <Defn val="48"/>
          </PropColor>
          <PropDispType>
            <Defn ValueIfValueExist="0" val="1"/>
          </PropDispType>
          </PinDisplayProp>
        </SymbolPinScalar>
        <SymbolPinScalar>
          <Defn hotptX="280" hotptY="160" name="PB6_(PCINT6/XTAL1/TOSC1)" position="8" startX="260" startY="160" type="4" visible="1"/>
          <IsLong>
            <Defn val="0"/>
          </IsLong>
          <IsClock>
            <Defn val="0"/>
          </IsClock>
          <IsDot>
            <Defn val="0"/>
          </IsDot>
          <IsLeftPointing>
            <Defn val="0"/>
          </IsLeftPointing>
          <IsRightPointing>
            <Defn val="0"/>
          </IsRightPointing>
          <IsNetStyle>
            <Defn val="0"/>
          </IsNetStyle>
          <IsNoConnect>
            <Defn val="0"/>
          </IsNoConnect>
          <IsGlobal>
            <Defn val="0"/>
          </IsGlobal>
          <IsNumberVisible>
            <Defn val="1"/>
          </IsNumberVisible>
          <PinDisplayProp>
            <Defn locX="89" locY="155" name="Name" rotation="0" textJustification="3"/>
          <PropFont>
            <Defn escapement="0" height="-9" italic="0" name="Arial" orientation="0" weight="400" width="4"/>
          </PropFont>
          <PropColor>
            <Defn val="48"/>
          </PropColor>
          <PropDispType>
            <Defn ValueIfValueExist="0" val="1"/>
          </PropDispType>
          </PinDisplayProp>
          <PinUserProp>
            <Defn name="VIH" val="3.85"/>
          </PinUserProp>
          <PinUserProp>
            <Defn name="VIL" val="0.55"/>
          </PinUserProp>
          <PinUserProp>
            <Defn name="VOH" val="4.2"/>
          </PinUserProp>
          <PinUserProp>
            <Defn name="VOL" val="0.9"/>
          </PinUserProp>
          <PinUserProp>
            <Defn name="PULL_UP" val="50k"/>
          </PinUserProp>
          <PinUserProp>
            <Defn name="IOUT" val="40m"/>
          </PinUserProp>
          <PinUserProp>
            <Defn name="VMIN" val="-0.5"/>
          </PinUserProp>
        </SymbolPinScalar>
        <SymbolPinScalar>
          <Defn hotptX="280" hotptY="170" name="PB7_(PCINT7/XTAL2/TOSC2)" position="9" startX="260" startY="170" type="4" visible="1"/>
          <IsLong>
            <Defn val="0"/>
          </IsLong>
          <IsClock>
            <Defn val="0"/>
          </IsClock>
          <IsDot>
            <Defn val="0"/>
          </IsDot>
          <IsLeftPointing>
            <Defn val="0"/>
          </IsLeftPointing>
          <IsRightPointing>
            <Defn val="0"/>
          </IsRightPointing>
          <IsNetStyle>
            <Defn val="0"/>
          </IsNetStyle>
          <IsNoConnect>
            <Defn val="0"/>
          </IsNoConnect>
          <IsGlobal>
            <Defn val="0"/>
          </IsGlobal>
          <IsNumberVisible>
            <Defn val="1"/>
          </IsNumberVisible>
          <PinDisplayProp>
            <Defn locX="89" locY="165" name="Name" rotation="0" textJustification="3"/>
          <PropFont>
            <Defn escapement="0" height="-9" italic="0" name="Arial" orientation="0" weight="400" width="4"/>
          </PropFont>
          <PropColor>
            <Defn val="48"/>
          </PropColor>
          <PropDispType>
            <Defn ValueIfValueExist="0" val="1"/>
          </PropDispType>
          </PinDisplayProp>
          <PinUserProp>
            <Defn name="VIH" val="3.3"/>
          </PinUserProp>
          <PinUserProp>
            <Defn name="VIL" val="1.65"/>
          </PinUserProp>
          <PinUserProp>
            <Defn name="VOH" val="4.2"/>
          </PinUserProp>
          <PinUserProp>
            <Defn name="VOL" val="0.9"/>
          </PinUserProp>
          <PinUserProp>
            <Defn name="PULL_UP" val="50k"/>
          </PinUserProp>
          <PinUserProp>
            <Defn name="IOUT" val="40m"/>
          </PinUserProp>
          <PinUserProp>
            <Defn name="VMIN" val="-0.5"/>
          </PinUserProp>
        </SymbolPinScalar>
        <SymbolPinScalar>
          <Defn hotptX="280" hotptY="60" name="PD5_(PCINT21/OC0B/T1)" position="10" startX="260" startY="60" type="4" visible="1"/>
          <IsLong>
            <Defn val="0"/>
          </IsLong>
          <IsClock>
            <Defn val="0"/>
          </IsClock>
          <IsDot>
            <Defn val="0"/>
          </IsDot>
          <IsLeftPointing>
            <Defn val="0"/>
          </IsLeftPointing>
          <IsRightPointing>
            <Defn val="0"/>
          </IsRightPointing>
          <IsNetStyle>
            <Defn val="0"/>
          </IsNetStyle>
          <IsNoConnect>
            <Defn val="0"/>
          </IsNoConnect>
          <IsGlobal>
            <Defn val="0"/>
          </IsGlobal>
          <IsNumberVisible>
            <Defn val="1"/>
          </IsNumberVisible>
          <PinDisplayProp>
            <Defn locX="110" locY="55" name="Name" rotation="0" textJustification="3"/>
          <PropFont>
            <Defn escapement="0" height="-9" italic="0" name="Arial" orientation="0" weight="400" width="4"/>
          </PropFont>
          <PropColor>
            <Defn val="48"/>
          </PropColor>
          <PropDispType>
            <Defn ValueIfValueExist="0" val="1"/>
          </PropDispType>
          </PinDisplayProp>
          <PinUserProp>
            <Defn name="VIH" val="3.3"/>
          </PinUserProp>
          <PinUserProp>
            <Defn name="VIL" val="1.65"/>
          </PinUserProp>
          <PinUserProp>
            <Defn name="VOH" val="4.2"/>
          </PinUserProp>
          <PinUserProp>
            <Defn name="VOL" val="0.9"/>
          </PinUserProp>
          <PinUserProp>
            <Defn name="PULL_UP" val="50k"/>
          </PinUserProp>
          <PinUserProp>
            <Defn name="IOUT" val="40m"/>
          </PinUserProp>
          <PinUserProp>
            <Defn name="VMIN" val="-0.5"/>
          </PinUserProp>
        </SymbolPinScalar>
        <SymbolPinScalar>
          <Defn hotptX="280" hotptY="70" name="PD6_(PCINT22/OC0A/AIN0)" position="11" startX="260" startY="70" type="4" visible="1"/>
          <IsLong>
            <Defn val="0"/>
          </IsLong>
          <IsClock>
            <Defn val="0"/>
          </IsClock>
          <IsDot>
            <Defn val="0"/>
          </IsDot>
          <IsLeftPointing>
            <Defn val="0"/>
          </IsLeftPointing>
          <IsRightPointing>
            <Defn val="0"/>
          </IsRightPointing>
          <IsNetStyle>
            <Defn val="0"/>
          </IsNetStyle>
          <IsNoConnect>
            <Defn val="0"/>
          </IsNoConnect>
          <IsGlobal>
            <Defn val="0"/>
          </IsGlobal>
          <IsNumberVisible>
            <Defn val="1"/>
          </IsNumberVisible>
          <PinDisplayProp>
            <Defn locX="96" locY="65" name="Name" rotation="0" textJustification="3"/>
          <PropFont>
            <Defn escapement="0" height="-9" italic="0" name="Arial" orientation="0" weight="400" width="4"/>
          </PropFont>
          <PropColor>
            <Defn val="48"/>
          </PropColor>
          <PropDispType>
            <Defn ValueIfValueExist="0" val="1"/>
          </PropDispType>
          </PinDisplayProp>
          <PinUserProp>
            <Defn name="VIH" val="3.3"/>
          </PinUserProp>
          <PinUserProp>
            <Defn name="VIL" val="1.65"/>
          </PinUserProp>
          <PinUserProp>
            <Defn name="VOH" val="4.2"/>
          </PinUserProp>
          <PinUserProp>
            <Defn name="VOL" val="0.9"/>
          </PinUserProp>
          <PinUserProp>
            <Defn name="PULL_UP" val="50k"/>
          </PinUserProp>
          <PinUserProp>
            <Defn name="IOUT" val="40m"/>
          </PinUserProp>
          <PinUserProp>
            <Defn name="VMIN" val="-0.5"/>
          </PinUserProp>
        </SymbolPinScalar>
        <SymbolPinScalar>
          <Defn hotptX="280" hotptY="80" name="PD7_(PCINT23/AIN1)" position="12" startX="260" startY="80" type="4" visible="1"/>
          <IsLong>
            <Defn val="0"/>
          </IsLong>
          <IsClock>
            <Defn val="0"/>
          </IsClock>
          <IsDot>
            <Defn val="0"/>
          </IsDot>
          <IsLeftPointing>
            <Defn val="0"/>
          </IsLeftPointing>
          <IsRightPointing>
            <Defn val="0"/>
          </IsRightPointing>
          <IsNetStyle>
            <Defn val="0"/>
          </IsNetStyle>
          <IsNoConnect>
            <Defn val="0"/>
          </IsNoConnect>
          <IsGlobal>
            <Defn val="0"/>
          </IsGlobal>
          <IsNumberVisible>
            <Defn val="1"/>
          </IsNumberVisible>
          <PinDisplayProp>
            <Defn locX="131" locY="75" name="Name" rotation="0" textJustification="3"/>
          <PropFont>
            <Defn escapement="0" height="-9" italic="0" name="Arial" orientation="0" weight="400" width="4"/>
          </PropFont>
          <PropColor>
            <Defn val="48"/>
          </PropColor>
          <PropDispType>
            <Defn ValueIfValueExist="0" val="1"/>
          </PropDispType>
          </PinDisplayProp>
          <PinUserProp>
            <Defn name="VIH" val="3.3"/>
          </PinUserProp>
          <PinUserProp>
            <Defn name="VIL" val="1.65"/>
          </PinUserProp>
          <PinUserProp>
            <Defn name="VOH" val="4.2"/>
          </PinUserProp>
          <PinUserProp>
            <Defn name="VOL" val="0.9"/>
          </PinUserProp>
          <PinUserProp>
            <Defn name="PULL_UP" val="50k"/>
          </PinUserProp>
          <PinUserProp>
            <Defn name="IOUT" val="40m"/>
          </PinUserProp>
          <PinUserProp>
            <Defn name="VMIN" val="-0.5"/>
          </PinUserProp>
        </SymbolPinScalar>
        <SymbolPinScalar>
          <Defn hotptX="280" hotptY="100" name="PB0_(PCINT0/CLKO/ICP1)" position="13" startX="260" startY="100" type="4" visible="1"/>
          <IsLong>
            <Defn val="0"/>
          </IsLong>
          <IsClock>
            <Defn val="0"/>
          </IsClock>
          <IsDot>
            <Defn val="0"/>
          </IsDot>
          <IsLeftPointing>
            <Defn val="0"/>
          </IsLeftPointing>
          <IsRightPointing>
            <Defn val="0"/>
          </IsRightPointing>
          <IsNetStyle>
            <Defn val="0"/>
          </IsNetStyle>
          <IsNoConnect>
            <Defn val="0"/>
          </IsNoConnect>
          <IsGlobal>
            <Defn val="0"/>
          </IsGlobal>
          <IsNumberVisible>
            <Defn val="1"/>
          </IsNumberVisible>
          <PinDisplayProp>
            <Defn locX="103" locY="95" name="Name" rotation="0" textJustification="3"/>
          <PropFont>
            <Defn escapement="0" height="-9" italic="0" name="Arial" orientation="0" weight="400" width="4"/>
          </PropFont>
          <PropColor>
            <Defn val="48"/>
          </PropColor>
          <PropDispType>
            <Defn ValueIfValueExist="0" val="1"/>
          </PropDispType>
          </PinDisplayProp>
          <PinUserProp>
            <Defn name="VIH" val="3.3"/>
          </PinUserProp>
          <PinUserProp>
            <Defn name="VIL" val="1.65"/>
          </PinUserProp>
          <PinUserProp>
            <Defn name="VOH" val="4.2"/>
          </PinUserProp>
          <PinUserProp>
            <Defn name="VOL" val="0.9"/>
          </PinUserProp>
          <PinUserProp>
            <Defn name="PULL_UP" val="50k"/>
          </PinUserProp>
          <PinUserProp>
            <Defn name="IOUT" val="40m"/>
          </PinUserProp>
          <PinUserProp>
            <Defn name="VMIN" val="-0.5"/>
          </PinUserProp>
        </SymbolPinScalar>
        <SymbolPinScalar>
          <Defn hotptX="280" hotptY="110" name="PB1_(OC1A/PCINT1)" position="14" startX="260" startY="110" type="4" visible="1"/>
          <IsLong>
            <Defn val="0"/>
          </IsLong>
          <IsClock>
            <Defn val="0"/>
          </IsClock>
          <IsDot>
            <Defn val="0"/>
          </IsDot>
          <IsLeftPointing>
            <Defn val="0"/>
          </IsLeftPointing>
          <IsRightPointing>
            <Defn val="0"/>
          </IsRightPointing>
          <IsNetStyle>
            <Defn val="0"/>
          </IsNetStyle>
          <IsNoConnect>
            <Defn val="0"/>
          </IsNoConnect>
          <IsGlobal>
            <Defn val="0"/>
          </IsGlobal>
          <IsNumberVisible>
            <Defn val="1"/>
          </IsNumberVisible>
          <PinDisplayProp>
            <Defn locX="138" locY="105" name="Name" rotation="0" textJustification="3"/>
          <PropFont>
            <Defn escapement="0" height="-9" italic="0" name="Arial" orientation="0" weight="400" width="4"/>
          </PropFont>
          <PropColor>
            <Defn val="48"/>
          </PropColor>
          <PropDispType>
            <Defn ValueIfValueExist="0" val="1"/>
          </PropDispType>
          </PinDisplayProp>
          <PinUserProp>
            <Defn name="VIH" val="3.3"/>
          </PinUserProp>
          <PinUserProp>
            <Defn name="VIL" val="1.65"/>
          </PinUserProp>
          <PinUserProp>
            <Defn name="VOH" val="4.2"/>
          </PinUserProp>
          <PinUserProp>
            <Defn name="VOL" val="0.9"/>
          </PinUserProp>
          <PinUserProp>
            <Defn name="PULL_UP" val="50k"/>
          </PinUserProp>
          <PinUserProp>
            <Defn name="IOUT" val="40m"/>
          </PinUserProp>
          <PinUserProp>
            <Defn name="VMIN" val="-0.5"/>
          </PinUserProp>
        </SymbolPinScalar>
        <SymbolPinScalar>
          <Defn hotptX="280" hotptY="120" name="PB2_(S\S\/\O\C\1\B\/\P\C\I\N\T\2\)\" position="15" startX="260" startY="120" type="4" visible="1"/>
          <IsLong>
            <Defn val="0"/>
          </IsLong>
          <IsClock>
            <Defn val="0"/>
          </IsClock>
          <IsDot>
            <Defn val="0"/>
          </IsDot>
          <IsLeftPointing>
            <Defn val="0"/>
          </IsLeftPointing>
          <IsRightPointing>
            <Defn val="0"/>
          </IsRightPointing>
          <IsNetStyle>
            <Defn val="0"/>
          </IsNetStyle>
          <IsNoConnect>
            <Defn val="0"/>
          </IsNoConnect>
          <IsGlobal>
            <Defn val="0"/>
          </IsGlobal>
          <IsNumberVisible>
            <Defn val="1"/>
          </IsNumberVisible>
          <PinDisplayProp>
            <Defn locX="117" locY="115" name="Name" rotation="0" textJustification="3"/>
          <PropFont>
            <Defn escapement="0" height="-9" italic="0" name="Arial" orientation="0" weight="400" width="4"/>
          </PropFont>
          <PropColor>
            <Defn val="48"/>
          </PropColor>
          <PropDispType>
            <Defn ValueIfValueExist="0" val="1"/>
          </PropDispType>
          </PinDisplayProp>
          <PinUserProp>
            <Defn name="VIH" val="3.3"/>
          </PinUserProp>
          <PinUserProp>
            <Defn name="VIL" val="1.65"/>
          </PinUserProp>
          <PinUserProp>
            <Defn name="VOH" val="4.2"/>
          </PinUserProp>
          <PinUserProp>
            <Defn name="VOL" val="0.9"/>
          </PinUserProp>
          <PinUserProp>
            <Defn name="PULL_UP" val="50k"/>
          </PinUserProp>
          <PinUserProp>
            <Defn name="IOUT" val="40m"/>
          </PinUserProp>
          <PinUserProp>
            <Defn name="VMIN" val="-0.5"/>
          </PinUserProp>
        </SymbolPinScalar>
        <SymbolPinScalar>
          <Defn hotptX="280" hotptY="130" name="PB3_(MOSI/OC2A/PCINT3)" position="16" startX="260" startY="130" type="4" visible="1"/>
          <IsLong>
            <Defn val="0"/>
          </IsLong>
          <IsClock>
            <Defn val="0"/>
          </IsClock>
          <IsDot>
            <Defn val="0"/>
          </IsDot>
          <IsLeftPointing>
            <Defn val="0"/>
          </IsLeftPointing>
          <IsRightPointing>
            <Defn val="0"/>
          </IsRightPointing>
          <IsNetStyle>
            <Defn val="0"/>
          </IsNetStyle>
          <IsNoConnect>
            <Defn val="0"/>
          </IsNoConnect>
          <IsGlobal>
            <Defn val="0"/>
          </IsGlobal>
          <IsNumberVisible>
            <Defn val="1"/>
          </IsNumberVisible>
          <PinDisplayProp>
            <Defn locX="103" locY="125" name="Name" rotation="0" textJustification="3"/>
          <PropFont>
            <Defn escapement="0" height="-9" italic="0" name="Arial" orientation="0" weight="400" width="4"/>
          </PropFont>
          <PropColor>
            <Defn val="48"/>
          </PropColor>
          <PropDispType>
            <Defn ValueIfValueExist="0" val="1"/>
          </PropDispType>
          </PinDisplayProp>
          <PinUserProp>
            <Defn name="VIH" val="3.3"/>
          </PinUserProp>
          <PinUserProp>
            <Defn name="VIL" val="1.65"/>
          </PinUserProp>
          <PinUserProp>
            <Defn name="VOH" val="4.2"/>
          </PinUserProp>
          <PinUserProp>
            <Defn name="VOL" val="0.9"/>
          </PinUserProp>
          <PinUserProp>
            <Defn name="PULL_UP" val="50k"/>
          </PinUserProp>
          <PinUserProp>
            <Defn name="IOUT" val="40m"/>
          </PinUserProp>
          <PinUserProp>
            <Defn name="VMIN" val="-0.5"/>
          </PinUserProp>
        </SymbolPinScalar>
        <SymbolPinScalar>
          <Defn hotptX="280" hotptY="140" name="PB4_(MISO/PCINT4)" position="17" startX="260" startY="140" type="4" visible="1"/>
          <IsLong>
            <Defn val="0"/>
          </IsLong>
          <IsClock>
            <Defn val="0"/>
          </IsClock>
          <IsDot>
            <Defn val="0"/>
          </IsDot>
          <IsLeftPointing>
            <Defn val="0"/>
          </IsLeftPointing>
          <IsRightPointing>
            <Defn val="0"/>
          </IsRightPointing>
          <IsNetStyle>
            <Defn val="0"/>
          </IsNetStyle>
          <IsNoConnect>
            <Defn val="0"/>
          </IsNoConnect>
          <IsGlobal>
            <Defn val="0"/>
          </IsGlobal>
          <IsNumberVisible>
            <Defn val="1"/>
          </IsNumberVisible>
          <PinDisplayProp>
            <Defn locX="138" locY="135" name="Name" rotation="0" textJustification="3"/>
          <PropFont>
            <Defn escapement="0" height="-9" italic="0" name="Arial" orientation="0" weight="400" width="4"/>
          </PropFont>
          <PropColor>
            <Defn val="48"/>
          </PropColor>
          <PropDispType>
            <Defn ValueIfValueExist="0" val="1"/>
          </PropDispType>
          </PinDisplayProp>
          <PinUserProp>
            <Defn name="VIH" val="3.3"/>
          </PinUserProp>
          <PinUserProp>
            <Defn name="VIL" val="1.65"/>
          </PinUserProp>
          <PinUserProp>
            <Defn name="VOH" val="4.2"/>
          </PinUserProp>
          <PinUserProp>
            <Defn name="VOL" val="0.9"/>
          </PinUserProp>
          <PinUserProp>
            <Defn name="PULL_UP" val="50k"/>
          </PinUserProp>
          <PinUserProp>
            <Defn name="IOUT" val="40m"/>
          </PinUserProp>
          <PinUserProp>
            <Defn name="VMIN" val="-0.5"/>
          </PinUserProp>
        </SymbolPinScalar>
        <SymbolPinScalar>
          <Defn hotptX="280" hotptY="150" name="PB5_(SCK/PCINT5)" position="18" startX="260" startY="150" type="4" visible="1"/>
          <IsLong>
            <Defn val="0"/>
          </IsLong>
          <IsClock>
            <Defn val="0"/>
          </IsClock>
          <IsDot>
            <Defn val="0"/>
          </IsDot>
          <IsLeftPointing>
            <Defn val="0"/>
          </IsLeftPointing>
          <IsRightPointing>
            <Defn val="0"/>
          </IsRightPointing>
          <IsNetStyle>
            <Defn val="0"/>
          </IsNetStyle>
          <IsNoConnect>
            <Defn val="0"/>
          </IsNoConnect>
          <IsGlobal>
            <Defn val="0"/>
          </IsGlobal>
          <IsNumberVisible>
            <Defn val="1"/>
          </IsNumberVisible>
          <PinDisplayProp>
            <Defn locX="145" locY="145" name="Name" rotation="0" textJustification="3"/>
          <PropFont>
            <Defn escapement="0" height="-9" italic="0" name="Arial" orientation="0" weight="400" width="4"/>
          </PropFont>
          <PropColor>
            <Defn val="48"/>
          </PropColor>
          <PropDispType>
            <Defn ValueIfValueExist="0" val="1"/>
          </PropDispType>
          </PinDisplayProp>
          <PinUserProp>
            <Defn name="VIH" val="3.3"/>
          </PinUserProp>
          <PinUserProp>
            <Defn name="VIL" val="1.65"/>
          </PinUserProp>
          <PinUserProp>
            <Defn name="VOH" val="4.2"/>
          </PinUserProp>
          <PinUserProp>
            <Defn name="VOL" val="0.9"/>
          </PinUserProp>
          <PinUserProp>
            <Defn name="PULL_UP" val="50k"/>
          </PinUserProp>
          <PinUserProp>
            <Defn name="IOUT" val="40m"/>
          </PinUserProp>
          <PinUserProp>
            <Defn name="VMIN" val="-0.5"/>
          </PinUserProp>
        </SymbolPinScalar>
        <SymbolPinScalar>
          <Defn hotptX="-20" hotptY="20" name="AVCC" position="19" startX="0" startY="20" type="7" visible="1"/>
          <IsLong>
            <Defn val="0"/>
          </IsLong>
          <IsClock>
            <Defn val="0"/>
          </IsClock>
          <IsDot>
            <Defn val="0"/>
          </IsDot>
          <IsLeftPointing>
            <Defn val="0"/>
          </IsLeftPointing>
          <IsRightPointing>
            <Defn val="0"/>
          </IsRightPointing>
          <IsNetStyle>
            <Defn val="0"/>
          </IsNetStyle>
          <IsNoConnect>
            <Defn val="0"/>
          </IsNoConnect>
          <IsGlobal>
            <Defn val="0"/>
          </IsGlobal>
          <IsNumberVisible>
            <Defn val="1"/>
          </IsNumberVisible>
          <PinDisplayProp>
            <Defn locX="3" locY="15" name="Name" rotation="0" textJustification="1"/>
          <PropFont>
            <Defn escapement="0" height="-9" italic="0" name="Arial" orientation="0" weight="400" width="4"/>
          </PropFont>
          <PropColor>
            <Defn val="48"/>
          </PropColor>
          <PropDispType>
            <Defn ValueIfValueExist="0" val="1"/>
          </PropDispType>
          </PinDisplayProp>
        </SymbolPinScalar>
        <SymbolPinScalar>
          <Defn hotptX="-20" hotptY="40" name="AREF" position="20" startX="0" startY="40" type="0" visible="1"/>
          <IsLong>
            <Defn val="0"/>
          </IsLong>
          <IsClock>
            <Defn val="0"/>
          </IsClock>
          <IsDot>
            <Defn val="0"/>
          </IsDot>
          <IsLeftPointing>
            <Defn val="0"/>
          </IsLeftPointing>
          <IsRightPointing>
            <Defn val="0"/>
          </IsRightPointing>
          <IsNetStyle>
            <Defn val="0"/>
          </IsNetStyle>
          <IsNoConnect>
            <Defn val="0"/>
          </IsNoConnect>
          <IsGlobal>
            <Defn val="0"/>
          </IsGlobal>
          <IsNumberVisible>
            <Defn val="1"/>
          </IsNumberVisible>
          <PinDisplayProp>
            <Defn locX="3" locY="35" name="Name" rotation="0" textJustification="1"/>
          <PropFont>
            <Defn escapement="0" height="-9" italic="0" name="Arial" orientation="0" weight="400" width="4"/>
          </PropFont>
          <PropColor>
            <Defn val="48"/>
          </PropColor>
          <PropDispType>
            <Defn ValueIfValueExist="0" val="1"/>
          </PropDispType>
          </PinDisplayProp>
          <PinUserProp>
            <Defn name="VIH" val="3.3"/>
          </PinUserProp>
          <PinUserProp>
            <Defn name="VIL" val="1.65"/>
          </PinUserProp>
          <PinUserProp>
            <Defn name="PULL_UP" val="50k"/>
          </PinUserProp>
          <PinUserProp>
            <Defn name="IOUT" val="40m"/>
          </PinUserProp>
          <PinUserProp>
            <Defn name="VMIN" val="-0.5"/>
          </PinUserProp>
        </SymbolPinScalar>
        <SymbolPinScalar>
          <Defn hotptX="-20" hotptY="150" name="GND_2" position="21" startX="0" startY="150" type="7" visible="1"/>
          <IsLong>
            <Defn val="0"/>
          </IsLong>
          <IsClock>
            <Defn val="0"/>
          </IsClock>
          <IsDot>
            <Defn val="0"/>
          </IsDot>
          <IsLeftPointing>
            <Defn val="0"/>
          </IsLeftPointing>
          <IsRightPointing>
            <Defn val="0"/>
          </IsRightPointing>
          <IsNetStyle>
            <Defn val="0"/>
          </IsNetStyle>
          <IsNoConnect>
            <Defn val="0"/>
          </IsNoConnect>
          <IsGlobal>
            <Defn val="0"/>
          </IsGlobal>
          <IsNumberVisible>
            <Defn val="1"/>
          </IsNumberVisible>
          <PinDisplayProp>
            <Defn locX="3" locY="145" name="Name" rotation="0" textJustification="1"/>
          <PropFont>
            <Defn escapement="0" height="-9" italic="0" name="Arial" orientation="0" weight="400" width="4"/>
          </PropFont>
          <PropColor>
            <Defn val="48"/>
          </PropColor>
          <PropDispType>
            <Defn ValueIfValueExist="0" val="1"/>
          </PropDispType>
          </PinDisplayProp>
        </SymbolPinScalar>
        <SymbolPinScalar>
          <Defn hotptX="-20" hotptY="70" name="PC0_(ADC0/PCINT8)" position="22" startX="0" startY="70" type="4" visible="1"/>
          <IsLong>
            <Defn val="0"/>
          </IsLong>
          <IsClock>
            <Defn val="0"/>
          </IsClock>
          <IsDot>
            <Defn val="0"/>
          </IsDot>
          <IsLeftPointing>
            <Defn val="0"/>
          </IsLeftPointing>
          <IsRightPointing>
            <Defn val="0"/>
          </IsRightPointing>
          <IsNetStyle>
            <Defn val="0"/>
          </IsNetStyle>
          <IsNoConnect>
            <Defn val="0"/>
          </IsNoConnect>
          <IsGlobal>
            <Defn val="0"/>
          </IsGlobal>
          <IsNumberVisible>
            <Defn val="1"/>
          </IsNumberVisible>
          <PinDisplayProp>
            <Defn locX="3" locY="65" name="Name" rotation="0" textJustification="1"/>
          <PropFont>
            <Defn escapement="0" height="-9" italic="0" name="Arial" orientation="0" weight="400" width="4"/>
          </PropFont>
          <PropColor>
            <Defn val="48"/>
          </PropColor>
          <PropDispType>
            <Defn ValueIfValueExist="0" val="1"/>
          </PropDispType>
          </PinDisplayProp>
          <PinUserProp>
            <Defn name="VIH" val="3.3"/>
          </PinUserProp>
          <PinUserProp>
            <Defn name="VIL" val="1.65"/>
          </PinUserProp>
          <PinUserProp>
            <Defn name="VOH" val="4.2"/>
          </PinUserProp>
          <PinUserProp>
            <Defn name="VOL" val="0.9"/>
          </PinUserProp>
          <PinUserProp>
            <Defn name="PULL_UP" val="50k"/>
          </PinUserProp>
          <PinUserProp>
            <Defn name="IOUT" val="40m"/>
          </PinUserProp>
          <PinUserProp>
            <Defn name="VMIN" val="-0.5"/>
          </PinUserProp>
        </SymbolPinScalar>
        <SymbolPinScalar>
          <Defn hotptX="-20" hotptY="80" name="PC1_(ADC1/PCINT9)" position="23" startX="0" startY="80" type="4" visible="1"/>
          <IsLong>
            <Defn val="0"/>
          </IsLong>
          <IsClock>
            <Defn val="0"/>
          </IsClock>
          <IsDot>
            <Defn val="0"/>
          </IsDot>
          <IsLeftPointing>
            <Defn val="0"/>
          </IsLeftPointing>
          <IsRightPointing>
            <Defn val="0"/>
          </IsRightPointing>
          <IsNetStyle>
            <Defn val="0"/>
          </IsNetStyle>
          <IsNoConnect>
            <Defn val="0"/>
          </IsNoConnect>
          <IsGlobal>
            <Defn val="0"/>
          </IsGlobal>
          <IsNumberVisible>
            <Defn val="1"/>
          </IsNumberVisible>
          <PinDisplayProp>
            <Defn locX="3" locY="75" name="Name" rotation="0" textJustification="1"/>
          <PropFont>
            <Defn escapement="0" height="-9" italic="0" name="Arial" orientation="0" weight="400" width="4"/>
          </PropFont>
          <PropColor>
            <Defn val="48"/>
          </PropColor>
          <PropDispType>
            <Defn ValueIfValueExist="0" val="1"/>
          </PropDispType>
          </PinDisplayProp>
          <PinUserProp>
            <Defn name="VIH" val="3.3"/>
          </PinUserProp>
          <PinUserProp>
            <Defn name="VIL" val="1.65"/>
          </PinUserProp>
          <PinUserProp>
            <Defn name="VOH" val="4.2"/>
          </PinUserProp>
          <PinUserProp>
            <Defn name="VOL" val="0.9"/>
          </PinUserProp>
          <PinUserProp>
            <Defn name="PULL_UP" val="50k"/>
          </PinUserProp>
          <PinUserProp>
            <Defn name="IOUT" val="40m"/>
          </PinUserProp>
          <PinUserProp>
            <Defn name="VMIN" val="-0.5"/>
          </PinUserProp>
        </SymbolPinScalar>
        <SymbolPinScalar>
          <Defn hotptX="-20" hotptY="90" name="PC2_(ADC2/PCINT10)" position="24" startX="0" startY="90" type="4" visible="1"/>
          <IsLong>
            <Defn val="0"/>
          </IsLong>
          <IsClock>
            <Defn val="0"/>
          </IsClock>
          <IsDot>
            <Defn val="0"/>
          </IsDot>
          <IsLeftPointing>
            <Defn val="0"/>
          </IsLeftPointing>
          <IsRightPointing>
            <Defn val="0"/>
          </IsRightPointing>
          <IsNetStyle>
            <Defn val="0"/>
          </IsNetStyle>
          <IsNoConnect>
            <Defn val="0"/>
          </IsNoConnect>
          <IsGlobal>
            <Defn val="0"/>
          </IsGlobal>
          <IsNumberVisible>
            <Defn val="1"/>
          </IsNumberVisible>
          <PinDisplayProp>
            <Defn locX="3" locY="85" name="Name" rotation="0" textJustification="1"/>
          <PropFont>
            <Defn escapement="0" height="-9" italic="0" name="Arial" orientation="0" weight="400" width="4"/>
          </PropFont>
          <PropColor>
            <Defn val="48"/>
          </PropColor>
          <PropDispType>
            <Defn ValueIfValueExist="0" val="1"/>
          </PropDispType>
          </PinDisplayProp>
          <PinUserProp>
            <Defn name="VIH" val="3.3"/>
          </PinUserProp>
          <PinUserProp>
            <Defn name="VIL" val="1.65"/>
          </PinUserProp>
          <PinUserProp>
            <Defn name="VOH" val="4.2"/>
          </PinUserProp>
          <PinUserProp>
            <Defn name="VOL" val="0.9"/>
          </PinUserProp>
          <PinUserProp>
            <Defn name="PULL_UP" val="50k"/>
          </PinUserProp>
          <PinUserProp>
            <Defn name="IOUT" val="40m"/>
          </PinUserProp>
          <PinUserProp>
            <Defn name="VMIN" val="-0.5"/>
          </PinUserProp>
        </SymbolPinScalar>
        <SymbolPinScalar>
          <Defn hotptX="-20" hotptY="100" name="PC3_(ADC3/PCINT11)" position="25" startX="0" startY="100" type="4" visible="1"/>
          <IsLong>
            <Defn val="0"/>
          </IsLong>
          <IsClock>
            <Defn val="0"/>
          </IsClock>
          <IsDot>
            <Defn val="0"/>
          </IsDot>
          <IsLeftPointing>
            <Defn val="0"/>
          </IsLeftPointing>
          <IsRightPointing>
            <Defn val="0"/>
          </IsRightPointing>
          <IsNetStyle>
            <Defn val="0"/>
          </IsNetStyle>
          <IsNoConnect>
            <Defn val="0"/>
          </IsNoConnect>
          <IsGlobal>
            <Defn val="0"/>
          </IsGlobal>
          <IsNumberVisible>
            <Defn val="1"/>
          </IsNumberVisible>
          <PinDisplayProp>
            <Defn locX="3" locY="95" name="Name" rotation="0" textJustification="1"/>
          <PropFont>
            <Defn escapement="0" height="-9" italic="0" name="Arial" orientation="0" weight="400" width="4"/>
          </PropFont>
          <PropColor>
            <Defn val="48"/>
          </PropColor>
          <PropDispType>
            <Defn ValueIfValueExist="0" val="1"/>
          </PropDispType>
          </PinDisplayProp>
          <PinUserProp>
            <Defn name="VIH" val="3.3"/>
          </PinUserProp>
          <PinUserProp>
            <Defn name="VIL" val="1.65"/>
          </PinUserProp>
          <PinUserProp>
            <Defn name="VOH" val="4.2"/>
          </PinUserProp>
          <PinUserProp>
            <Defn name="VOL" val="0.9"/>
          </PinUserProp>
          <PinUserProp>
            <Defn name="PULL_UP" val="50k"/>
          </PinUserProp>
          <PinUserProp>
            <Defn name="IOUT" val="40m"/>
          </PinUserProp>
          <PinUserProp>
            <Defn name="VMIN" val="-0.5"/>
          </PinUserProp>
        </SymbolPinScalar>
        <SymbolPinScalar>
          <Defn hotptX="-20" hotptY="110" name="PC4_(ADC4/SDA/PCINT12)" position="26" startX="0" startY="110" type="4" visible="1"/>
          <IsLong>
            <Defn val="0"/>
          </IsLong>
          <IsClock>
            <Defn val="0"/>
          </IsClock>
          <IsDot>
            <Defn val="0"/>
          </IsDot>
          <IsLeftPointing>
            <Defn val="0"/>
          </IsLeftPointing>
          <IsRightPointing>
            <Defn val="0"/>
          </IsRightPointing>
          <IsNetStyle>
            <Defn val="0"/>
          </IsNetStyle>
          <IsNoConnect>
            <Defn val="0"/>
          </IsNoConnect>
          <IsGlobal>
            <Defn val="0"/>
          </IsGlobal>
          <IsNumberVisible>
            <Defn val="1"/>
          </IsNumberVisible>
          <PinDisplayProp>
            <Defn locX="3" locY="105" name="Name" rotation="0" textJustification="1"/>
          <PropFont>
            <Defn escapement="0" height="-9" italic="0" name="Arial" orientation="0" weight="400" width="4"/>
          </PropFont>
          <PropColor>
            <Defn val="48"/>
          </PropColor>
          <PropDispType>
            <Defn ValueIfValueExist="0" val="1"/>
          </PropDispType>
          </PinDisplayProp>
          <PinUserProp>
            <Defn name="VIH" val="3.3"/>
          </PinUserProp>
          <PinUserProp>
            <Defn name="VIL" val="1.65"/>
          </PinUserProp>
          <PinUserProp>
            <Defn name="VOH" val="4.2"/>
          </PinUserProp>
          <PinUserProp>
            <Defn name="VOL" val="0.9"/>
          </PinUserProp>
          <PinUserProp>
            <Defn name="PULL_UP" val="50k"/>
          </PinUserProp>
          <PinUserProp>
            <Defn name="IOUT" val="40m"/>
          </PinUserProp>
          <PinUserProp>
            <Defn name="VMIN" val="-0.5"/>
          </PinUserProp>
        </SymbolPinScalar>
        <SymbolPinScalar>
          <Defn hotptX="-20" hotptY="120" name="PC5_(ADC5/SCL/PCINT13)" position="27" startX="0" startY="120" type="4" visible="1"/>
          <IsLong>
            <Defn val="0"/>
          </IsLong>
          <IsClock>
            <Defn val="0"/>
          </IsClock>
          <IsDot>
            <Defn val="0"/>
          </IsDot>
          <IsLeftPointing>
            <Defn val="0"/>
          </IsLeftPointing>
          <IsRightPointing>
            <Defn val="0"/>
          </IsRightPointing>
          <IsNetStyle>
            <Defn val="0"/>
          </IsNetStyle>
          <IsNoConnect>
            <Defn val="0"/>
          </IsNoConnect>
          <IsGlobal>
            <Defn val="0"/>
          </IsGlobal>
          <IsNumberVisible>
            <Defn val="1"/>
          </IsNumberVisible>
          <PinDisplayProp>
            <Defn locX="3" locY="115" name="Name" rotation="0" textJustification="1"/>
          <PropFont>
            <Defn escapement="0" height="-9" italic="0" name="Arial" orientation="0" weight="400" width="4"/>
          </PropFont>
          <PropColor>
            <Defn val="48"/>
          </PropColor>
          <PropDispType>
            <Defn ValueIfValueExist="0" val="1"/>
          </PropDispType>
          </PinDisplayProp>
          <PinUserProp>
            <Defn name="VIH" val="3.3"/>
          </PinUserProp>
          <PinUserProp>
            <Defn name="VIL" val="1.65"/>
          </PinUserProp>
          <PinUserProp>
            <Defn name="VOH" val="4.2"/>
          </PinUserProp>
          <PinUserProp>
            <Defn name="VOL" val="0.9"/>
          </PinUserProp>
          <PinUserProp>
            <Defn name="PULL_UP" val="50k"/>
          </PinUserProp>
          <PinUserProp>
            <Defn name="IOUT" val="40m"/>
          </PinUserProp>
          <PinUserProp>
            <Defn name="VMIN" val="-0.5"/>
          </PinUserProp>
        </SymbolPinScalar>
      </NormalView>
      <PhysicalPart>
        <Defn/>
        <PinNumber>
          <Defn number="1" position="0"/>
        </PinNumber>
        <PinNumber>
          <Defn number="1" position="1"/>
        </PinNumber>
        <PinNumber>
          <Defn number="1" position="2"/>
        </PinNumber>
        <PinNumber>
          <Defn number="1" position="3"/>
        </PinNumber>
        <PinNumber>
          <Defn number="1" position="4"/>
        </PinNumber>
        <PinNumber>
          <Defn number="1" position="5"/>
        </PinNumber>
        <PinNumber>
          <Defn number="7" position="6"/>
        </PinNumber>
        <PinNumber>
          <Defn number="8" position="7"/>
        </PinNumber>
        <PinNumber>
          <Defn number="1" position="8"/>
        </PinNumber>
        <PinNumber>
          <Defn number="1" position="9"/>
        </PinNumber>
        <PinNumber>
          <Defn number="1" position="10"/>
        </PinNumber>
        <PinNumber>
          <Defn number="1" position="11"/>
        </PinNumber>
        <PinNumber>
          <Defn number="1" position="12"/>
        </PinNumber>
        <PinNumber>
          <Defn number="1" position="13"/>
        </PinNumber>
        <PinNumber>
          <Defn number="1" position="14"/>
        </PinNumber>
        <PinNumber>
          <Defn number="1" position="15"/>
        </PinNumber>
        <PinNumber>
          <Defn number="1" position="16"/>
        </PinNumber>
        <PinNumber>
          <Defn number="1" position="17"/>
        </PinNumber>
        <PinNumber>
          <Defn number="1" position="18"/>
        </PinNumber>
        <PinNumber>
          <Defn number="20" position="19"/>
        </PinNumber>
        <PinNumber>
          <Defn number="21" position="20"/>
        </PinNumber>
        <PinNumber>
          <Defn number="22" position="21"/>
        </PinNumber>
        <PinNumber>
          <Defn number="1" position="22"/>
        </PinNumber>
        <PinNumber>
          <Defn number="1" position="23"/>
        </PinNumber>
        <PinNumber>
          <Defn number="1" position="24"/>
        </PinNumber>
        <PinNumber>
          <Defn number="1" position="25"/>
        </PinNumber>
        <PinNumber>
          <Defn number="1" position="26"/>
        </PinNumber>
        <PinNumber>
          <Defn number="1" position="27"/>
        </PinNumber>
      </PhysicalPart>
    </LibPart>
  </Package>

</Lib>
