<?xml version="1.0" encoding="utf-8"?>
<!--/12867511/596046/2.49/3/4/Integrated Circuit/-->
<quadcept_library>
  <setting unit="mil" />
  <textstyle name="Default" height="47.244094488189" strokewidth="7.8740157480315" charwidth="47.244094488189" />
  <textstyle name="Dimension" height="19.6850393700787" strokewidth="0" charwidth="19.6850393700787" />
  <textstyle name="H127W0635TH00762" height="50" strokewidth="3" charwidth="25" />
  <textstyle name="H15W15TH02" height="59.0551181102362" strokewidth="7.8740157480315" charwidth="59.0551181102362" />
  <padstyle name="r300_160" surface="True" plated="False" isvia="False" nopaste="False" nomask="True" complex="False" holesize="0">
    <padshape layer="TOP" shape="rectangle" width="62.992125984251" height="118.11023622047" />
    <padshape layer="TOP_SOLDER_MASK" shape="rectangle" width="70.866141732283" height="125.9842519685" />
    <padshape layer="TOP_SOLDER_PASTE" shape="rectangle" width="62.992125984251" height="118.11023622047" />
  </padstyle>
  <padstyle name="r620_580" surface="True" plated="False" isvia="False" nopaste="False" nomask="True" complex="False" holesize="0">
    <padshape layer="TOP" shape="rectangle" width="228.34645669291" height="244.09448818897" />
    <padshape layer="TOP_SOLDER_MASK" shape="rectangle" width="236.22047244094" height="251.968503937" />
    <padshape layer="TOP_SOLDER_PASTE" shape="rectangle" width="228.34645669291" height="244.09448818897" />
  </padstyle>
  <footprint name="LM317MADTRKG" originx="0" originy="0" pickpointx="0" pickpointy="0">
    <pcbpin number="1" name="1" style="r300_160" originx="160.62992125984" originy="-89.960629921259" rotation="90" />
    <pcbpin number="2" name="2" style="r620_580" originx="-122.04724409449" originy="0" rotation="90" />
    <pcbpin number="3" name="3" style="r300_160" originx="160.62992125984" originy="89.960629921259" rotation="90" />
    <line layer="TOP_ASSEMBLY" originx="-188.58267716535" originy="127.95275590551" endx="51.574803149606" endy="127.95275590551" width="7.8740157480314" />
    <line layer="TOP_ASSEMBLY" originx="51.574803149606" originy="127.95275590551" endx="51.574803149606" endy="-127.95275590551" width="7.8740157480314" />
    <line layer="TOP_ASSEMBLY" originx="51.574803149606" originy="-127.95275590551" endx="-188.58267716535" endy="-127.95275590551" width="7.8740157480314" />
    <line layer="TOP_ASSEMBLY" originx="-188.58267716535" originy="-127.95275590551" endx="-188.58267716535" endy="127.95275590551" width="7.8740157480314" />
    <line layer="TOP_PLACE_BOUND" originx="-280.31496062992" originy="167.32283464567" endx="292.36220472441" endy="167.32283464567" width="3.9370078740157" />
    <line layer="TOP_PLACE_BOUND" originx="292.36220472441" originy="167.32283464567" endx="292.36220472441" endy="-167.32283464567" width="3.9370078740157" />
    <line layer="TOP_PLACE_BOUND" originx="292.36220472441" originy="-167.32283464567" endx="-280.31496062992" endy="-167.32283464567" width="3.9370078740157" />
    <line layer="TOP_PLACE_BOUND" originx="-280.31496062992" originy="-167.32283464567" endx="-280.31496062992" endy="167.32283464567" width="3.9370078740157" />
    <line layer="TOP_SILKSCREEN" originx="-188.58267716535" originy="-127.95275590551" endx="51.574803149606" endy="-127.95275590551" width="3.9370078740157" />
    <line layer="TOP_SILKSCREEN" originx="51.574803149606" originy="-127.95275590551" endx="51.574803149606" endy="127.95275590551" width="3.9370078740157" />
    <line layer="TOP_SILKSCREEN" originx="51.574803149606" originy="127.95275590551" endx="-188.58267716535" endy="127.95275590551" width="3.9370078740157" />
    <line layer="TOP_SILKSCREEN" originx="250.31496062992" originy="-90.866141732282" endx="250.31496062992" endy="-90.866141732282" width="2.6771653543307" />
    <arc layer="TOP_SILKSCREEN" originx="251.65354330708" originy="-90.866141732282" startangle="180.0" sweepangle="180.0" radius="1.3385826771653" width="2.6771653543307" />
    <line layer="TOP_SILKSCREEN" originx="252.99212598425" originy="-90.866141732282" endx="252.99212598425" endy="-90.866141732282" width="2.6771653543307" />
    <arc layer="TOP_SILKSCREEN" originx="251.65354330708" originy="-90.866141732282" startangle=".0" sweepangle="180.0" radius="1.3385826771653" width="2.6771653543307" />
  </footprint>
  <symbol name="MC7805BDTG" originx="0" originy="0">
    <line originx="200" originy="100" endx="1100" endy="100" width="0" />
    <line originx="1100" originy="-200" endx="1100" endy="100" width="0" />
    <line originx="1100" originy="-200" endx="200" endy="-200" width="0" />
    <line originx="200" originy="100" endx="200" endy="-200" width="0" />
    <sympin number="1" originx="1100" originy="-100" rotation="0" length="100" width="7.8740157480315" flipped="False">
      <text name="pinname" originx="1070" originy="-100" style="Default" rotation="0" justify="right" flipped="False" hidden="False" data="INPUT" />
      <text name="pindes" originx="1160" originy="-80" style="Default" rotation="0" justify="lowerleft" flipped="False" hidden="False" data="1" />
    </sympin>
    <sympin number="2" originx="200" originy="0" rotation="180" length="100" width="7.8740157480315" flipped="False">
      <text name="pinname" originx="230" originy="0" style="Default" rotation="0" justify="left" flipped="False" hidden="False" data="GROUND" />
      <text name="pindes" originx="140" originy="20" style="Default" rotation="0" justify="lowerright" flipped="False" hidden="False" data="2" />
    </sympin>
    <sympin number="3" originx="1100" originy="0" rotation="0" length="100" width="7.8740157480315" flipped="False">
      <text name="pinname" originx="1070" originy="0" style="Default" rotation="0" justify="right" flipped="False" hidden="False" data="OUTPUT" />
      <text name="pindes" originx="1160" originy="20" style="Default" rotation="0" justify="lowerleft" flipped="False" hidden="False" data="3" />
    </sympin>
  </symbol>
  <component name="MC7805BDTG" designatorprefix="IC" height="93.700787401574" footprint="LM317MADTRKG">
    <comppin designator="1" sympin="1" pinswap="0" gateswap="0" gate="1" group="1" side="" type="Any" name="INPUT" />
    <comppin designator="2" sympin="2" pinswap="0" gateswap="0" gate="1" group="1" side="" type="Any" name="GROUND" />
    <comppin designator="3" sympin="3" pinswap="0" gateswap="0" gate="1" group="1" side="" type="Any" name="OUTPUT" />
    <attached_symbol gate="1" name="MC7805BDTG" />
    <pinmap designator="1" footprintpin="1" />
    <pinmap designator="2" footprintpin="2" />
    <pinmap designator="3" footprintpin="3" />
    <text name="Datasheet" originx="0" originy="0" style="Default" rotation="0" justify="" flipped="False" hidden="True" data="https://www.onsemi.com/pub/Collateral/MC7800-D.PDF" />
    <text name="Description" originx="0" originy="0" style="Default" rotation="0" justify="" flipped="False" hidden="True" data="Linear Voltage Regulators 5V 1A Positive" />
    <text name="Manufacturer_Name" originx="0" originy="0" style="Default" rotation="0" justify="" flipped="False" hidden="True" data="onsemi" />
    <text name="Manufacturer_Part_Number" originx="1150" originy="200" style="Default" rotation="0" justify="left" flipped="False" hidden="False" data="MC7805BDTG" />
    <text name="Mouser Part Number" originx="0" originy="0" style="Default" rotation="0" justify="" flipped="False" hidden="True" data="863-MC7805BDTG" />
    <text name="Mouser Price/Stock" originx="0" originy="0" style="Default" rotation="0" justify="" flipped="False" hidden="True" data="https://www.mouser.co.uk/ProductDetail/onsemi/MC7805BDTG?qs=%252B9%2Fcbd0IE0TYE8BQQ8My5g%3D%3D" />
    <text name="Arrow Part Number" originx="0" originy="0" style="Default" rotation="0" justify="" flipped="False" hidden="True" data="MC7805BDTG" />
    <text name="Arrow Price/Stock" originx="0" originy="0" style="Default" rotation="0" justify="" flipped="False" hidden="True" data="https://www.arrow.com/en/products/mc7805bdtg/on-semiconductor?region=europe" />
  </component>
</quadcept_library>
