<?xml version="1.0" encoding="utf-8"?>
<!--/575055/596046/2.49/32/4/Integrated Circuit/-->
<quadcept_library>
  <setting unit="mil" />
  <textstyle name="Default" height="47.244094488189" strokewidth="7.8740157480315" charwidth="47.244094488189" />
  <textstyle name="Dimension" height="19.6850393700787" strokewidth="0" charwidth="19.6850393700787" />
  <textstyle name="H127W0635TH00762" height="50" strokewidth="3" charwidth="25" />
  <textstyle name="H15W15TH02" height="59.0551181102362" strokewidth="7.8740157480315" charwidth="59.0551181102362" />
  <padstyle name="r150_60" surface="True" plated="False" isvia="False" nopaste="False" nomask="True" complex="False" holesize="0">
    <padshape layer="TOP" shape="rectangle" width="23.622047244094" height="59.055118110235" />
    <padshape layer="TOP_SOLDER_MASK" shape="rectangle" width="31.496062992126" height="66.929133858267" />
    <padshape layer="TOP_SOLDER_PASTE" shape="rectangle" width="23.622047244094" height="59.055118110235" />
  </padstyle>
  <footprint name="QFP80P900X900X120-32N" originx="0" originy="0" pickpointx="0" pickpointy="0">
    <pcbpin number="1" name="1" style="r150_60" originx="-167.32283464567" originy="110.23622047244" rotation="90" />
    <pcbpin number="2" name="2" style="r150_60" originx="-167.32283464567" originy="78.740157480314" rotation="90" />
    <pcbpin number="3" name="3" style="r150_60" originx="-167.32283464567" originy="47.244094488188" rotation="90" />
    <pcbpin number="4" name="4" style="r150_60" originx="-167.32283464567" originy="15.748031496063" rotation="90" />
    <pcbpin number="5" name="5" style="r150_60" originx="-167.32283464567" originy="-15.748031496063" rotation="90" />
    <pcbpin number="6" name="6" style="r150_60" originx="-167.32283464567" originy="-47.244094488188" rotation="90" />
    <pcbpin number="7" name="7" style="r150_60" originx="-167.32283464567" originy="-78.740157480314" rotation="90" />
    <pcbpin number="8" name="8" style="r150_60" originx="-167.32283464567" originy="-110.23622047244" rotation="90" />
    <pcbpin number="9" name="9" style="r150_60" originx="-110.23622047244" originy="-167.32283464567" rotation="0" />
    <pcbpin number="10" name="10" style="r150_60" originx="-78.740157480314" originy="-167.32283464567" rotation="0" />
    <pcbpin number="11" name="11" style="r150_60" originx="-47.244094488188" originy="-167.32283464567" rotation="0" />
    <pcbpin number="12" name="12" style="r150_60" originx="-15.748031496063" originy="-167.32283464567" rotation="0" />
    <pcbpin number="13" name="13" style="r150_60" originx="15.748031496063" originy="-167.32283464567" rotation="0" />
    <pcbpin number="14" name="14" style="r150_60" originx="47.244094488188" originy="-167.32283464567" rotation="0" />
    <pcbpin number="15" name="15" style="r150_60" originx="78.740157480314" originy="-167.32283464567" rotation="0" />
    <pcbpin number="16" name="16" style="r150_60" originx="110.23622047244" originy="-167.32283464567" rotation="0" />
    <pcbpin number="17" name="17" style="r150_60" originx="167.32283464567" originy="-110.23622047244" rotation="90" />
    <pcbpin number="18" name="18" style="r150_60" originx="167.32283464567" originy="-78.740157480314" rotation="90" />
    <pcbpin number="19" name="19" style="r150_60" originx="167.32283464567" originy="-47.244094488188" rotation="90" />
    <pcbpin number="20" name="20" style="r150_60" originx="167.32283464567" originy="-15.748031496063" rotation="90" />
    <pcbpin number="21" name="21" style="r150_60" originx="167.32283464567" originy="15.748031496063" rotation="90" />
    <pcbpin number="22" name="22" style="r150_60" originx="167.32283464567" originy="47.244094488188" rotation="90" />
    <pcbpin number="23" name="23" style="r150_60" originx="167.32283464567" originy="78.740157480314" rotation="90" />
    <pcbpin number="24" name="24" style="r150_60" originx="167.32283464567" originy="110.23622047244" rotation="90" />
    <pcbpin number="25" name="25" style="r150_60" originx="110.23622047244" originy="167.32283464567" rotation="0" />
    <pcbpin number="26" name="26" style="r150_60" originx="78.740157480314" originy="167.32283464567" rotation="0" />
    <pcbpin number="27" name="27" style="r150_60" originx="47.244094488188" originy="167.32283464567" rotation="0" />
    <pcbpin number="28" name="28" style="r150_60" originx="15.748031496063" originy="167.32283464567" rotation="0" />
    <pcbpin number="29" name="29" style="r150_60" originx="-15.748031496063" originy="167.32283464567" rotation="0" />
    <pcbpin number="30" name="30" style="r150_60" originx="-47.244094488188" originy="167.32283464567" rotation="0" />
    <pcbpin number="31" name="31" style="r150_60" originx="-78.740157480314" originy="167.32283464567" rotation="0" />
    <pcbpin number="32" name="32" style="r150_60" originx="-110.23622047244" originy="167.32283464567" rotation="0" />
    <line layer="TOP_PLACE_BOUND" originx="-206.69291338582" originy="206.69291338582" endx="206.69291338582" endy="206.69291338582" width="1.9685039370079" />
    <line layer="TOP_PLACE_BOUND" originx="206.69291338582" originy="206.69291338582" endx="206.69291338582" endy="-206.69291338582" width="1.9685039370079" />
    <line layer="TOP_PLACE_BOUND" originx="206.69291338582" originy="-206.69291338582" endx="-206.69291338582" endy="-206.69291338582" width="1.9685039370079" />
    <line layer="TOP_PLACE_BOUND" originx="-206.69291338582" originy="-206.69291338582" endx="-206.69291338582" endy="206.69291338582" width="1.9685039370079" />
    <line layer="TOP_ASSEMBLY" originx="-137.79527559055" originy="137.79527559055" endx="137.79527559055" endy="137.79527559055" width="3.9370078740157" />
    <line layer="TOP_ASSEMBLY" originx="137.79527559055" originy="137.79527559055" endx="137.79527559055" endy="-137.79527559055" width="3.9370078740157" />
    <line layer="TOP_ASSEMBLY" originx="137.79527559055" originy="-137.79527559055" endx="-137.79527559055" endy="-137.79527559055" width="3.9370078740157" />
    <line layer="TOP_ASSEMBLY" originx="-137.79527559055" originy="-137.79527559055" endx="-137.79527559055" endy="137.79527559055" width="3.9370078740157" />
    <line layer="TOP_ASSEMBLY" originx="-137.79527559055" originy="106.29921259842" endx="-106.29921259842" endy="137.79527559055" width="3.9370078740157" />
    <line layer="TOP_SILKSCREEN" originx="-124.01574803149" originy="124.01574803149" endx="124.01574803149" endy="124.01574803149" width="7.8740157480314" />
    <line layer="TOP_SILKSCREEN" originx="124.01574803149" originy="124.01574803149" endx="124.01574803149" endy="-124.01574803149" width="7.8740157480314" />
    <line layer="TOP_SILKSCREEN" originx="124.01574803149" originy="-124.01574803149" endx="-124.01574803149" endy="-124.01574803149" width="7.8740157480314" />
    <line layer="TOP_SILKSCREEN" originx="-124.01574803149" originy="-124.01574803149" endx="-124.01574803149" endy="124.01574803149" width="7.8740157480314" />
    <arc layer="TOP_SILKSCREEN" originx="-181.10236220472" originy="157.48031496063" startangle="180" sweepangle="180" radius="7.8740157480314" width="15.748031496063" />
    <arc layer="TOP_SILKSCREEN" originx="-181.10236220472" originy="157.48031496063" startangle="180" sweepangle="-180" radius="7.8740157480314" width="15.748031496063" />
  </footprint>
  <symbol name="ATMEGA328P-AU" originx="0" originy="0">
    <line originx="200" originy="1200" endx="1800" endy="1200" width="0" />
    <line originx="1800" originy="-1600" endx="1800" endy="1200" width="0" />
    <line originx="1800" originy="-1600" endx="200" endy="-1600" width="0" />
    <line originx="200" originy="1200" endx="200" endy="-1600" width="0" />
    <sympin number="1" originx="200" originy="0" rotation="180" length="100" width="7.8740157480315" flipped="False">
      <text name="pinname" originx="230" originy="0" style="Default" rotation="0" justify="left" flipped="False" hidden="False" data="PD3_[PCINT19]" />
      <text name="pindes" originx="140" originy="20" style="Default" rotation="0" justify="lowerright" flipped="False" hidden="False" data="1" />
    </sympin>
    <sympin number="2" originx="200" originy="-100" rotation="180" length="100" width="7.8740157480315" flipped="False">
      <text name="pinname" originx="230" originy="-100" style="Default" rotation="0" justify="left" flipped="False" hidden="False" data="PD4_[PCINT20]" />
      <text name="pindes" originx="140" originy="-80" style="Default" rotation="0" justify="lowerright" flipped="False" hidden="False" data="2" />
    </sympin>
    <sympin number="3" originx="200" originy="-200" rotation="180" length="100" width="7.8740157480315" flipped="False">
      <text name="pinname" originx="230" originy="-200" style="Default" rotation="0" justify="left" flipped="False" hidden="False" data="GND_1" />
      <text name="pindes" originx="140" originy="-180" style="Default" rotation="0" justify="lowerright" flipped="False" hidden="False" data="3" />
    </sympin>
    <sympin number="4" originx="200" originy="-300" rotation="180" length="100" width="7.8740157480315" flipped="False">
      <text name="pinname" originx="230" originy="-300" style="Default" rotation="0" justify="left" flipped="False" hidden="False" data="VCC_1" />
      <text name="pindes" originx="140" originy="-280" style="Default" rotation="0" justify="lowerright" flipped="False" hidden="False" data="4" />
    </sympin>
    <sympin number="5" originx="200" originy="-400" rotation="180" length="100" width="7.8740157480315" flipped="False">
      <text name="pinname" originx="230" originy="-400" style="Default" rotation="0" justify="left" flipped="False" hidden="False" data="GND_2" />
      <text name="pindes" originx="140" originy="-380" style="Default" rotation="0" justify="lowerright" flipped="False" hidden="False" data="5" />
    </sympin>
    <sympin number="6" originx="200" originy="-500" rotation="180" length="100" width="7.8740157480315" flipped="False">
      <text name="pinname" originx="230" originy="-500" style="Default" rotation="0" justify="left" flipped="False" hidden="False" data="VCC_2" />
      <text name="pindes" originx="140" originy="-480" style="Default" rotation="0" justify="lowerright" flipped="False" hidden="False" data="6" />
    </sympin>
    <sympin number="7" originx="200" originy="-600" rotation="180" length="100" width="7.8740157480315" flipped="False">
      <text name="pinname" originx="230" originy="-600" style="Default" rotation="0" justify="left" flipped="False" hidden="False" data="PB6_[PCINT6]" />
      <text name="pindes" originx="140" originy="-580" style="Default" rotation="0" justify="lowerright" flipped="False" hidden="False" data="7" />
    </sympin>
    <sympin number="8" originx="200" originy="-700" rotation="180" length="100" width="7.8740157480315" flipped="False">
      <text name="pinname" originx="230" originy="-700" style="Default" rotation="0" justify="left" flipped="False" hidden="False" data="PB7_[PCINT7]" />
      <text name="pindes" originx="140" originy="-680" style="Default" rotation="0" justify="lowerright" flipped="False" hidden="False" data="8" />
    </sympin>
    <sympin number="9" originx="600" originy="-1600" rotation="270" length="100" width="7.8740157480315" flipped="False">
      <text name="pinname" originx="600" originy="-1570" style="Default" rotation="0" justify="left" flipped="False" hidden="False" data="PD5_[PCINT21]" />
      <text name="pindes" originx="580" originy="-1660" style="Default" rotation="0" justify="lowerright" flipped="False" hidden="False" data="9" />
    </sympin>
    <sympin number="10" originx="700" originy="-1600" rotation="270" length="100" width="7.8740157480315" flipped="False">
      <text name="pinname" originx="700" originy="-1570" style="Default" rotation="0" justify="left" flipped="False" hidden="False" data="PD6_[PCINT22]" />
      <text name="pindes" originx="680" originy="-1660" style="Default" rotation="0" justify="lowerright" flipped="False" hidden="False" data="10" />
    </sympin>
    <sympin number="11" originx="800" originy="-1600" rotation="270" length="100" width="7.8740157480315" flipped="False">
      <text name="pinname" originx="800" originy="-1570" style="Default" rotation="0" justify="left" flipped="False" hidden="False" data="PD7_[PCINT23]" />
      <text name="pindes" originx="780" originy="-1660" style="Default" rotation="0" justify="lowerright" flipped="False" hidden="False" data="11" />
    </sympin>
    <sympin number="12" originx="900" originy="-1600" rotation="270" length="100" width="7.8740157480315" flipped="False">
      <text name="pinname" originx="900" originy="-1570" style="Default" rotation="0" justify="left" flipped="False" hidden="False" data="PB0_[PCINT0]" />
      <text name="pindes" originx="880" originy="-1660" style="Default" rotation="0" justify="lowerright" flipped="False" hidden="False" data="12" />
    </sympin>
    <sympin number="13" originx="1000" originy="-1600" rotation="270" length="100" width="7.8740157480315" flipped="False">
      <text name="pinname" originx="1000" originy="-1570" style="Default" rotation="0" justify="left" flipped="False" hidden="False" data="PB1_[PCINT1]" />
      <text name="pindes" originx="980" originy="-1660" style="Default" rotation="0" justify="lowerright" flipped="False" hidden="False" data="13" />
    </sympin>
    <sympin number="14" originx="1100" originy="-1600" rotation="270" length="100" width="7.8740157480315" flipped="False">
      <text name="pinname" originx="1100" originy="-1570" style="Default" rotation="0" justify="left" flipped="False" hidden="False" data="PB2_[PCINT2]" />
      <text name="pindes" originx="1080" originy="-1660" style="Default" rotation="0" justify="lowerright" flipped="False" hidden="False" data="14" />
    </sympin>
    <sympin number="15" originx="1200" originy="-1600" rotation="270" length="100" width="7.8740157480315" flipped="False">
      <text name="pinname" originx="1200" originy="-1570" style="Default" rotation="0" justify="left" flipped="False" hidden="False" data="PB3_[PCINT3]" />
      <text name="pindes" originx="1180" originy="-1660" style="Default" rotation="0" justify="lowerright" flipped="False" hidden="False" data="15" />
    </sympin>
    <sympin number="16" originx="1300" originy="-1600" rotation="270" length="100" width="7.8740157480315" flipped="False">
      <text name="pinname" originx="1300" originy="-1570" style="Default" rotation="0" justify="left" flipped="False" hidden="False" data="PB4_[PCINT4]" />
      <text name="pindes" originx="1280" originy="-1660" style="Default" rotation="0" justify="lowerright" flipped="False" hidden="False" data="16" />
    </sympin>
    <sympin number="24" originx="1800" originy="0" rotation="0" length="100" width="7.8740157480315" flipped="False">
      <text name="pinname" originx="1770" originy="0" style="Default" rotation="0" justify="right" flipped="False" hidden="False" data="PC1_[PCINT9]" />
      <text name="pindes" originx="1860" originy="20" style="Default" rotation="0" justify="lowerleft" flipped="False" hidden="False" data="24" />
    </sympin>
    <sympin number="23" originx="1800" originy="-100" rotation="0" length="100" width="7.8740157480315" flipped="False">
      <text name="pinname" originx="1770" originy="-100" style="Default" rotation="0" justify="right" flipped="False" hidden="False" data="PC0_[PCINT8]" />
      <text name="pindes" originx="1860" originy="-80" style="Default" rotation="0" justify="lowerleft" flipped="False" hidden="False" data="23" />
    </sympin>
    <sympin number="22" originx="1800" originy="-200" rotation="0" length="100" width="7.8740157480315" flipped="False">
      <text name="pinname" originx="1770" originy="-200" style="Default" rotation="0" justify="right" flipped="False" hidden="False" data="ADC7" />
      <text name="pindes" originx="1860" originy="-180" style="Default" rotation="0" justify="lowerleft" flipped="False" hidden="False" data="22" />
    </sympin>
    <sympin number="21" originx="1800" originy="-300" rotation="0" length="100" width="7.8740157480315" flipped="False">
      <text name="pinname" originx="1770" originy="-300" style="Default" rotation="0" justify="right" flipped="False" hidden="False" data="GND_3" />
      <text name="pindes" originx="1860" originy="-280" style="Default" rotation="0" justify="lowerleft" flipped="False" hidden="False" data="21" />
    </sympin>
    <sympin number="20" originx="1800" originy="-400" rotation="0" length="100" width="7.8740157480315" flipped="False">
      <text name="pinname" originx="1770" originy="-400" style="Default" rotation="0" justify="right" flipped="False" hidden="False" data="AREF" />
      <text name="pindes" originx="1860" originy="-380" style="Default" rotation="0" justify="lowerleft" flipped="False" hidden="False" data="20" />
    </sympin>
    <sympin number="19" originx="1800" originy="-500" rotation="0" length="100" width="7.8740157480315" flipped="False">
      <text name="pinname" originx="1770" originy="-500" style="Default" rotation="0" justify="right" flipped="False" hidden="False" data="ADC6" />
      <text name="pindes" originx="1860" originy="-480" style="Default" rotation="0" justify="lowerleft" flipped="False" hidden="False" data="19" />
    </sympin>
    <sympin number="18" originx="1800" originy="-600" rotation="0" length="100" width="7.8740157480315" flipped="False">
      <text name="pinname" originx="1770" originy="-600" style="Default" rotation="0" justify="right" flipped="False" hidden="False" data="AVCC" />
      <text name="pindes" originx="1860" originy="-580" style="Default" rotation="0" justify="lowerleft" flipped="False" hidden="False" data="18" />
    </sympin>
    <sympin number="17" originx="1800" originy="-700" rotation="0" length="100" width="7.8740157480315" flipped="False">
      <text name="pinname" originx="1770" originy="-700" style="Default" rotation="0" justify="right" flipped="False" hidden="False" data="PB5_[PCINT5]" />
      <text name="pindes" originx="1860" originy="-680" style="Default" rotation="0" justify="lowerleft" flipped="False" hidden="False" data="17" />
    </sympin>
    <sympin number="32" originx="600" originy="1200" rotation="90" length="100" width="7.8740157480315" flipped="False">
      <text name="pinname" originx="600" originy="1170" style="Default" rotation="0" justify="right" flipped="False" hidden="False" data="PD2_[PCINT18]" />
      <text name="pindes" originx="580" originy="1260" style="Default" rotation="0" justify="lowerleft" flipped="False" hidden="False" data="32" />
    </sympin>
    <sympin number="31" originx="700" originy="1200" rotation="90" length="100" width="7.8740157480315" flipped="False">
      <text name="pinname" originx="700" originy="1170" style="Default" rotation="0" justify="right" flipped="False" hidden="False" data="PD1_[PCINT17]" />
      <text name="pindes" originx="680" originy="1260" style="Default" rotation="0" justify="lowerleft" flipped="False" hidden="False" data="31" />
    </sympin>
    <sympin number="30" originx="800" originy="1200" rotation="90" length="100" width="7.8740157480315" flipped="False">
      <text name="pinname" originx="800" originy="1170" style="Default" rotation="0" justify="right" flipped="False" hidden="False" data="PD0_[PCINT16]" />
      <text name="pindes" originx="780" originy="1260" style="Default" rotation="0" justify="lowerleft" flipped="False" hidden="False" data="30" />
    </sympin>
    <sympin number="29" originx="900" originy="1200" rotation="90" length="100" width="7.8740157480315" flipped="False">
      <text name="pinname" originx="900" originy="1170" style="Default" rotation="0" justify="right" flipped="False" hidden="False" data="PC6_[RESET/PCINT14]" />
      <text name="pindes" originx="880" originy="1260" style="Default" rotation="0" justify="lowerleft" flipped="False" hidden="False" data="29" />
    </sympin>
    <sympin number="28" originx="1000" originy="1200" rotation="90" length="100" width="7.8740157480315" flipped="False">
      <text name="pinname" originx="1000" originy="1170" style="Default" rotation="0" justify="right" flipped="False" hidden="False" data="PC5_[PCINT13]" />
      <text name="pindes" originx="980" originy="1260" style="Default" rotation="0" justify="lowerleft" flipped="False" hidden="False" data="28" />
    </sympin>
    <sympin number="27" originx="1100" originy="1200" rotation="90" length="100" width="7.8740157480315" flipped="False">
      <text name="pinname" originx="1100" originy="1170" style="Default" rotation="0" justify="right" flipped="False" hidden="False" data="PC4_[PCINT12]" />
      <text name="pindes" originx="1080" originy="1260" style="Default" rotation="0" justify="lowerleft" flipped="False" hidden="False" data="27" />
    </sympin>
    <sympin number="26" originx="1200" originy="1200" rotation="90" length="100" width="7.8740157480315" flipped="False">
      <text name="pinname" originx="1200" originy="1170" style="Default" rotation="0" justify="right" flipped="False" hidden="False" data="PC3_[PCINT11]" />
      <text name="pindes" originx="1180" originy="1260" style="Default" rotation="0" justify="lowerleft" flipped="False" hidden="False" data="26" />
    </sympin>
    <sympin number="25" originx="1300" originy="1200" rotation="90" length="100" width="7.8740157480315" flipped="False">
      <text name="pinname" originx="1300" originy="1170" style="Default" rotation="0" justify="right" flipped="False" hidden="False" data="PC2_[PCINT10]" />
      <text name="pindes" originx="1280" originy="1260" style="Default" rotation="0" justify="lowerleft" flipped="False" hidden="False" data="25" />
    </sympin>
  </symbol>
  <component name="ATMEGA328P-AU" designatorprefix="IC" height="47.244094488188" footprint="QFP80P900X900X120-32N">
    <comppin designator="1" sympin="1" pinswap="0" gateswap="0" gate="1" group="1" side="" type="Bi-Directional" name="PD3_[PCINT19]" />
    <comppin designator="2" sympin="2" pinswap="0" gateswap="0" gate="1" group="1" side="" type="Bi-Directional" name="PD4_[PCINT20]" />
    <comppin designator="3" sympin="3" pinswap="0" gateswap="0" gate="1" group="1" side="" type="Ground" name="GND_1" />
    <comppin designator="4" sympin="4" pinswap="0" gateswap="0" gate="1" group="1" side="" type="Power" name="VCC_1" />
    <comppin designator="5" sympin="5" pinswap="0" gateswap="0" gate="1" group="1" side="" type="Ground" name="GND_2" />
    <comppin designator="6" sympin="6" pinswap="0" gateswap="0" gate="1" group="1" side="" type="Power" name="VCC_2" />
    <comppin designator="7" sympin="7" pinswap="0" gateswap="0" gate="1" group="1" side="" type="Bi-Directional" name="PB6_[PCINT6]" />
    <comppin designator="8" sympin="8" pinswap="0" gateswap="0" gate="1" group="1" side="" type="Bi-Directional" name="PB7_[PCINT7]" />
    <comppin designator="9" sympin="9" pinswap="0" gateswap="0" gate="1" group="1" side="" type="Bi-Directional" name="PD5_[PCINT21]" />
    <comppin designator="10" sympin="10" pinswap="0" gateswap="0" gate="1" group="1" side="" type="Bi-Directional" name="PD6_[PCINT22]" />
    <comppin designator="11" sympin="11" pinswap="0" gateswap="0" gate="1" group="1" side="" type="Bi-Directional" name="PD7_[PCINT23]" />
    <comppin designator="12" sympin="12" pinswap="0" gateswap="0" gate="1" group="1" side="" type="Bi-Directional" name="PB0_[PCINT0]" />
    <comppin designator="13" sympin="13" pinswap="0" gateswap="0" gate="1" group="1" side="" type="Bi-Directional" name="PB1_[PCINT1]" />
    <comppin designator="14" sympin="14" pinswap="0" gateswap="0" gate="1" group="1" side="" type="Bi-Directional" name="PB2_[PCINT2]" />
    <comppin designator="15" sympin="15" pinswap="0" gateswap="0" gate="1" group="1" side="" type="Bi-Directional" name="PB3_[PCINT3]" />
    <comppin designator="16" sympin="16" pinswap="0" gateswap="0" gate="1" group="1" side="" type="Bi-Directional" name="PB4_[PCINT4]" />
    <comppin designator="17" sympin="17" pinswap="0" gateswap="0" gate="1" group="1" side="" type="Bi-Directional" name="PB5_[PCINT5]" />
    <comppin designator="18" sympin="18" pinswap="0" gateswap="0" gate="1" group="1" side="" type="Power" name="AVCC" />
    <comppin designator="19" sympin="19" pinswap="0" gateswap="0" gate="1" group="1" side="" type="Bi-Directional" name="ADC6" />
    <comppin designator="20" sympin="20" pinswap="0" gateswap="0" gate="1" group="1" side="" type="Bi-Directional" name="AREF" />
    <comppin designator="21" sympin="21" pinswap="0" gateswap="0" gate="1" group="1" side="" type="Ground" name="GND_3" />
    <comppin designator="22" sympin="22" pinswap="0" gateswap="0" gate="1" group="1" side="" type="Bi-Directional" name="ADC7" />
    <comppin designator="23" sympin="23" pinswap="0" gateswap="0" gate="1" group="1" side="" type="Bi-Directional" name="PC0_[PCINT8]" />
    <comppin designator="24" sympin="24" pinswap="0" gateswap="0" gate="1" group="1" side="" type="Bi-Directional" name="PC1_[PCINT9]" />
    <comppin designator="25" sympin="25" pinswap="0" gateswap="0" gate="1" group="1" side="" type="Bi-Directional" name="PC2_[PCINT10]" />
    <comppin designator="26" sympin="26" pinswap="0" gateswap="0" gate="1" group="1" side="" type="Bi-Directional" name="PC3_[PCINT11]" />
    <comppin designator="27" sympin="27" pinswap="0" gateswap="0" gate="1" group="1" side="" type="Bi-Directional" name="PC4_[PCINT12]" />
    <comppin designator="28" sympin="28" pinswap="0" gateswap="0" gate="1" group="1" side="" type="Bi-Directional" name="PC5_[PCINT13]" />
    <comppin designator="29" sympin="29" pinswap="0" gateswap="0" gate="1" group="1" side="" type="Bi-Directional" name="PC6_[RESET/PCINT14]" />
    <comppin designator="30" sympin="30" pinswap="0" gateswap="0" gate="1" group="1" side="" type="Bi-Directional" name="PD0_[PCINT16]" />
    <comppin designator="31" sympin="31" pinswap="0" gateswap="0" gate="1" group="1" side="" type="Bi-Directional" name="PD1_[PCINT17]" />
    <comppin designator="32" sympin="32" pinswap="0" gateswap="0" gate="1" group="1" side="" type="Bi-Directional" name="PD2_[PCINT18]" />
    <attached_symbol gate="1" name="ATMEGA328P-AU" />
    <pinmap designator="1" footprintpin="1" />
    <pinmap designator="2" footprintpin="2" />
    <pinmap designator="3" footprintpin="3" />
    <pinmap designator="4" footprintpin="4" />
    <pinmap designator="5" footprintpin="5" />
    <pinmap designator="6" footprintpin="6" />
    <pinmap designator="7" footprintpin="7" />
    <pinmap designator="8" footprintpin="8" />
    <pinmap designator="9" footprintpin="9" />
    <pinmap designator="10" footprintpin="10" />
    <pinmap designator="11" footprintpin="11" />
    <pinmap designator="12" footprintpin="12" />
    <pinmap designator="13" footprintpin="13" />
    <pinmap designator="14" footprintpin="14" />
    <pinmap designator="15" footprintpin="15" />
    <pinmap designator="16" footprintpin="16" />
    <pinmap designator="17" footprintpin="17" />
    <pinmap designator="18" footprintpin="18" />
    <pinmap designator="19" footprintpin="19" />
    <pinmap designator="20" footprintpin="20" />
    <pinmap designator="21" footprintpin="21" />
    <pinmap designator="22" footprintpin="22" />
    <pinmap designator="23" footprintpin="23" />
    <pinmap designator="24" footprintpin="24" />
    <pinmap designator="25" footprintpin="25" />
    <pinmap designator="26" footprintpin="26" />
    <pinmap designator="27" footprintpin="27" />
    <pinmap designator="28" footprintpin="28" />
    <pinmap designator="29" footprintpin="29" />
    <pinmap designator="30" footprintpin="30" />
    <pinmap designator="31" footprintpin="31" />
    <pinmap designator="32" footprintpin="32" />
    <text name="Datasheet" originx="0" originy="0" style="Default" rotation="0" justify="" flipped="False" hidden="True" data="https://componentsearchengine.com/Datasheets/2/ATMEGA328P-AU.pdf" />
    <text name="Description" originx="0" originy="0" style="Default" rotation="0" justify="" flipped="False" hidden="True" data="MICROCHIP - ATMEGA328P-AU. - MICROCONTROLLER MCU, 8 BIT, ATMEGA, 20MHZ, TQFP-32" />
    <text name="Manufacturer_Name" originx="0" originy="0" style="Default" rotation="0" justify="" flipped="False" hidden="True" data="Microchip" />
    <text name="Manufacturer_Part_Number" originx="1850" originy="1300" style="Default" rotation="0" justify="left" flipped="False" hidden="False" data="ATMEGA328P-AU" />
    <text name="Mouser Part Number" originx="0" originy="0" style="Default" rotation="0" justify="" flipped="False" hidden="True" data="556-ATMEGA328P-AU" />
    <text name="Mouser Price/Stock" originx="0" originy="0" style="Default" rotation="0" justify="" flipped="False" hidden="True" data="https://www.mouser.co.uk/ProductDetail/Microchip-Technology-Atmel/ATMEGA328P-AU?qs=K8BHR703ZXiCmmgp6%2FGNmQ%3D%3D" />
    <text name="Arrow Part Number" originx="0" originy="0" style="Default" rotation="0" justify="" flipped="False" hidden="True" data="ATMEGA328P-AU" />
    <text name="Arrow Price/Stock" originx="0" originy="0" style="Default" rotation="0" justify="" flipped="False" hidden="True" data="https://www.arrow.com/en/products/atmega328p-au/microchip-technology?region=nac" />
  </component>
</quadcept_library>
